{"timestamp":"2026-09-07T19:17:41.917244Z","level":"INFO","fields":{"message":"python/3.11.15; huggingface_hub/1.27.0; hf_xet/1.6.0; , xet-core revision de71453"},"filename":"/home/runner/work/xet-core/xet-core/xet_runtime/src/logging/init.rs","line_number":71}
{"timestamp":"2026-09-07T19:17:41.917256Z","level":"INFO","fields":{"message":"hf_xet logging configured."},"filename":"src/logging.rs","line_number":36}
{"timestamp":"2026-09-07T19:17:41.917311Z","level":"INFO","fields":{"message":"Config: min_spacing_between_global_dedup_queries = 256 (default)"},"filename":"/home/runner/work/xet-core/xet-core/xet_runtime/src/utils/configuration_utils.rs","line_number":54}
{"timestamp":"2026-09-07T19:17:41.917314Z","level":"INFO","fields":{"message":"Config: local_cas_scheme = \"local://\" (default)"},"filename":"/home/runner/work/xet-core/xet-core/xet_runtime/src/utils/configuration_utils.rs","line_number":54}
{"timestamp":"2026-09-07T19:17:41.917315Z","level":"INFO","fields":{"message":"Config: max_concurrent_file_ingestion = 8 (default)"},"filename":"/home/runner/work/xet-core/xet-core/xet_runtime/src/utils/configuration_utils.rs","line_number":54}
{"timestamp":"2026-09-07T19:17:41.917317Z","level":"INFO","fields":{"message":"Config: max_concurrent_file_downloads = 8 (default)"},"filename":"/home/runner/work/xet-core/xet-core/xet_runtime/src/utils/configuration_utils.rs","line_number":54}
{"timestamp":"2026-09-07T19:17:41.917318Z","level":"INFO","fields":{"message":"Config: ingestion_block_size = 8MB (default)"},"filename":"/home/runner/work/xet-core/xet-core/xet_runtime/src/utils/configuration_utils.rs","line_number":54}
{"timestamp":"2026-09-07T19:17:41.917320Z","level":"INFO","fields":{"message":"Config: progress_update_interval = 200ms (default)"},"filename":"/home/runner/work/xet-core/xet-core/xet_runtime/src/utils/configuration_utils.rs","line_number":54}
{"timestamp":"2026-09-07T19:17:41.917321Z","level":"INFO","fields":{"message":"Config: progress_update_speed_sampling_window = 10s (default)"},"filename":"/home/runner/work/xet-core/xet-core/xet_runtime/src/utils/configuration_utils.rs","line_number":54}
{"timestamp":"2026-09-07T19:17:41.917322Z","level":"INFO","fields":{"message":"Config: progress_update_speed_min_observations = 4 (default)"},"filename":"/home/runner/work/xet-core/xet-core/xet_runtime/src/utils/configuration_utils.rs","line_number":54}
{"timestamp":"2026-09-07T19:17:41.917324Z","level":"INFO","fields":{"message":"Config: session_xorb_metadata_flush_interval = 20s (default)"},"filename":"/home/runner/work/xet-core/xet-core/xet_runtime/src/utils/configuration_utils.rs","line_number":54}
{"timestamp":"2026-09-07T19:17:41.917325Z","level":"INFO","fields":{"message":"Config: session_xorb_metadata_flush_max_count = 64 (default)"},"filename":"/home/runner/work/xet-core/xet-core/xet_runtime/src/utils/configuration_utils.rs","line_number":54}
{"timestamp":"2026-09-07T19:17:41.917326Z","level":"INFO","fields":{"message":"Config: default_cas_endpoint = \"http://localhost:8080\" (default)"},"filename":"/home/runner/work/xet-core/xet-core/xet_runtime/src/utils/configuration_utils.rs","line_number":54}
{"timestamp":"2026-09-07T19:17:41.917327Z","level":"INFO","fields":{"message":"Config: aggregate_progress = true (default)"},"filename":"/home/runner/work/xet-core/xet-core/xet_runtime/src/utils/configuration_utils.rs","line_number":54}
{"timestamp":"2026-09-07T19:17:41.917328Z","level":"INFO","fields":{"message":"Config: default_prefix = \"default\" (default)"},"filename":"/home/runner/work/xet-core/xet-core/xet_runtime/src/utils/configuration_utils.rs","line_number":54}
{"timestamp":"2026-09-07T19:17:41.917329Z","level":"INFO","fields":{"message":"Config: staging_subdir = \"staging\" (default)"},"filename":"/home/runner/work/xet-core/xet-core/xet_runtime/src/utils/configuration_utils.rs","line_number":54}
{"timestamp":"2026-09-07T19:17:41.917331Z","level":"INFO","fields":{"message":"Config: target_size = 67108864 (default)"},"filename":"/home/runner/work/xet-core/xet-core/xet_runtime/src/utils/configuration_utils.rs","line_number":54}
{"timestamp":"2026-09-07T19:17:41.917332Z","level":"INFO","fields":{"message":"Config: max_target_size = 67108864 (default)"},"filename":"/home/runner/work/xet-core/xet-core/xet_runtime/src/utils/configuration_utils.rs","line_number":54}
{"timestamp":"2026-09-07T19:17:41.917333Z","level":"INFO","fields":{"message":"Config: cache_size_limit = 16GB (default)"},"filename":"/home/runner/work/xet-core/xet-core/xet_runtime/src/utils/configuration_utils.rs","line_number":54}
{"timestamp":"2026-09-07T19:17:41.917334Z","level":"INFO","fields":{"message":"Config: chunk_index_table_max_size = 67108864 (default)"},"filename":"/home/runner/work/xet-core/xet-core/xet_runtime/src/utils/configuration_utils.rs","line_number":54}
{"timestamp":"2026-09-07T19:17:41.917335Z","level":"INFO","fields":{"message":"Config: cache_subdir = \"shard-cache\" (default)"},"filename":"/home/runner/work/xet-core/xet-core/xet_runtime/src/utils/configuration_utils.rs","line_number":54}
{"timestamp":"2026-09-07T19:17:41.917336Z","level":"INFO","fields":{"message":"Config: nranges_in_streaming_fragmentation_estimator = 128 (default)"},"filename":"/home/runner/work/xet-core/xet-core/xet_runtime/src/utils/configuration_utils.rs","line_number":54}
{"timestamp":"2026-09-07T19:17:41.917337Z","level":"INFO","fields":{"message":"Config: min_n_chunks_per_range_hysteresis_factor = 0.5 (default)"},"filename":"/home/runner/work/xet-core/xet-core/xet_runtime/src/utils/configuration_utils.rs","line_number":54}
{"timestamp":"2026-09-07T19:17:41.917340Z","level":"INFO","fields":{"message":"Config: min_n_chunks_per_range = 8.0 (default)"},"filename":"/home/runner/work/xet-core/xet-core/xet_runtime/src/utils/configuration_utils.rs","line_number":54}
{"timestamp":"2026-09-07T19:17:41.917341Z","level":"INFO","fields":{"message":"Config: global_dedup_query_enabled = true (default)"},"filename":"/home/runner/work/xet-core/xet-core/xet_runtime/src/utils/configuration_utils.rs","line_number":54}
{"timestamp":"2026-09-07T19:17:41.917342Z","level":"INFO","fields":{"message":"Config: size_bytes = 0 (default)"},"filename":"/home/runner/work/xet-core/xet-core/xet_runtime/src/utils/configuration_utils.rs","line_number":54}
{"timestamp":"2026-09-07T19:17:41.917343Z","level":"INFO","fields":{"message":"Config: retry_max_attempts = 5 (default)"},"filename":"/home/runner/work/xet-core/xet-core/xet_runtime/src/utils/configuration_utils.rs","line_number":54}
{"timestamp":"2026-09-07T19:17:41.917344Z","level":"INFO","fields":{"message":"Config: retry_base_delay = 3s (default)"},"filename":"/home/runner/work/xet-core/xet-core/xet_runtime/src/utils/configuration_utils.rs","line_number":54}
{"timestamp":"2026-09-07T19:17:41.917345Z","level":"INFO","fields":{"message":"Config: retry_max_duration = 360s (default)"},"filename":"/home/runner/work/xet-core/xet-core/xet_runtime/src/utils/configuration_utils.rs","line_number":54}
{"timestamp":"2026-09-07T19:17:41.917346Z","level":"INFO","fields":{"message":"Config: idle_connection_timeout = 60s (default)"},"filename":"/home/runner/work/xet-core/xet-core/xet_runtime/src/utils/configuration_utils.rs","line_number":54}
{"timestamp":"2026-09-07T19:17:41.917347Z","level":"INFO","fields":{"message":"Config: max_idle_connections = 16 (default)"},"filename":"/home/runner/work/xet-core/xet-core/xet_runtime/src/utils/configuration_utils.rs","line_number":54}
{"timestamp":"2026-09-07T19:17:41.917348Z","level":"INFO","fields":{"message":"Config: connect_timeout = 60s (default)"},"filename":"/home/runner/work/xet-core/xet-core/xet_runtime/src/utils/configuration_utils.rs","line_number":54}
{"timestamp":"2026-09-07T19:17:41.917349Z","level":"INFO","fields":{"message":"Config: read_timeout = 300s (default)"},"filename":"/home/runner/work/xet-core/xet-core/xet_runtime/src/utils/configuration_utils.rs","line_number":54}
{"timestamp":"2026-09-07T19:17:41.917350Z","level":"INFO","fields":{"message":"Config: upload_reporting_block_size = 524288 (default)"},"filename":"/home/runner/work/xet-core/xet-core/xet_runtime/src/utils/configuration_utils.rs","line_number":54}
{"timestamp":"2026-09-07T19:17:41.917351Z","level":"INFO","fields":{"message":"Config: enable_adaptive_concurrency = true (default)"},"filename":"/home/runner/work/xet-core/xet-core/xet_runtime/src/utils/configuration_utils.rs","line_number":54}
{"timestamp":"2026-09-07T19:17:41.917352Z","level":"INFO","fields":{"message":"Config: ac_min_adjustment_window_ms = 500 (default)"},"filename":"/home/runner/work/xet-core/xet-core/xet_runtime/src/utils/configuration_utils.rs","line_number":54}
{"timestamp":"2026-09-07T19:17:41.917353Z","level":"INFO","fields":{"message":"Config: ac_min_bytes_required_for_adjustment = 20MB (default)"},"filename":"/home/runner/work/xet-core/xet-core/xet_runtime/src/utils/configuration_utils.rs","line_number":54}
{"timestamp":"2026-09-07T19:17:41.917353Z","level":"INFO","fields":{"message":"Config: ac_num_transmissions_required_for_adjustment = 1 (default)"},"filename":"/home/runner/work/xet-core/xet-core/xet_runtime/src/utils/configuration_utils.rs","line_number":54}
{"timestamp":"2026-09-07T19:17:41.917354Z","level":"INFO","fields":{"message":"Config: ac_latency_rtt_half_life = 64.0 (default)"},"filename":"/home/runner/work/xet-core/xet-core/xet_runtime/src/utils/configuration_utils.rs","line_number":54}
{"timestamp":"2026-09-07T19:17:41.917356Z","level":"INFO","fields":{"message":"Config: ac_success_tracking_half_life = 8.0 (default)"},"filename":"/home/runner/work/xet-core/xet-core/xet_runtime/src/utils/configuration_utils.rs","line_number":54}
{"timestamp":"2026-09-07T19:17:41.917357Z","level":"INFO","fields":{"message":"Config: ac_target_rtt = 60s (default)"},"filename":"/home/runner/work/xet-core/xet-core/xet_runtime/src/utils/configuration_utils.rs","line_number":54}
{"timestamp":"2026-09-07T19:17:41.917358Z","level":"INFO","fields":{"message":"Config: ac_max_healthy_rtt = 90s (default)"},"filename":"/home/runner/work/xet-core/xet-core/xet_runtime/src/utils/configuration_utils.rs","line_number":54}
{"timestamp":"2026-09-07T19:17:41.917359Z","level":"INFO","fields":{"message":"Config: ac_rtt_success_max_quantile = 0.95 (default)"},"filename":"/home/runner/work/xet-core/xet-core/xet_runtime/src/utils/configuration_utils.rs","line_number":54}
{"timestamp":"2026-09-07T19:17:41.917360Z","level":"INFO","fields":{"message":"Config: ac_healthy_success_ratio_threshold = 0.8 (default)"},"filename":"/home/runner/work/xet-core/xet-core/xet_runtime/src/utils/configuration_utils.rs","line_number":54}
{"timestamp":"2026-09-07T19:17:41.917361Z","level":"INFO","fields":{"message":"Config: ac_unhealthy_success_ratio_threshold = 0.5 (default)"},"filename":"/home/runner/work/xet-core/xet-core/xet_runtime/src/utils/configuration_utils.rs","line_number":54}
{"timestamp":"2026-09-07T19:17:41.917362Z","level":"INFO","fields":{"message":"Config: ac_max_reference_transmission_size = 64MB (default)"},"filename":"/home/runner/work/xet-core/xet-core/xet_runtime/src/utils/configuration_utils.rs","line_number":54}
{"timestamp":"2026-09-07T19:17:41.917363Z","level":"INFO","fields":{"message":"Config: ac_min_reference_transmission_size = 1MB (default)"},"filename":"/home/runner/work/xet-core/xet-core/xet_runtime/src/utils/configuration_utils.rs","line_number":54}
{"timestamp":"2026-09-07T19:17:41.917364Z","level":"INFO","fields":{"message":"Config: ac_logging_interval_ms = 10000 (default)"},"filename":"/home/runner/work/xet-core/xet-core/xet_runtime/src/utils/configuration_utils.rs","line_number":54}
{"timestamp":"2026-09-07T19:17:41.917365Z","level":"INFO","fields":{"message":"Config: ac_max_upload_concurrency = 64 (default)"},"filename":"/home/runner/work/xet-core/xet-core/xet_runtime/src/utils/configuration_utils.rs","line_number":54}
{"timestamp":"2026-09-07T19:17:41.917366Z","level":"INFO","fields":{"message":"Config: ac_min_upload_concurrency = 1 (default)"},"filename":"/home/runner/work/xet-core/xet-core/xet_runtime/src/utils/configuration_utils.rs","line_number":54}
{"timestamp":"2026-09-07T19:17:41.917367Z","level":"INFO","fields":{"message":"Config: ac_initial_upload_concurrency = 2 (default)"},"filename":"/home/runner/work/xet-core/xet-core/xet_runtime/src/utils/configuration_utils.rs","line_number":54}
{"timestamp":"2026-09-07T19:17:41.917368Z","level":"INFO","fields":{"message":"Config: ac_max_download_concurrency = 64 (default)"},"filename":"/home/runner/work/xet-core/xet-core/xet_runtime/src/utils/configuration_utils.rs","line_number":54}
{"timestamp":"2026-09-07T19:17:41.917373Z","level":"INFO","fields":{"message":"Config: ac_min_download_concurrency = 1 (default)"},"filename":"/home/runner/work/xet-core/xet-core/xet_runtime/src/utils/configuration_utils.rs","line_number":54}
{"timestamp":"2026-09-07T19:17:41.917374Z","level":"INFO","fields":{"message":"Config: ac_initial_download_concurrency = 4 (default)"},"filename":"/home/runner/work/xet-core/xet-core/xet_runtime/src/utils/configuration_utils.rs","line_number":54}
{"timestamp":"2026-09-07T19:17:41.917376Z","level":"INFO","fields":{"message":"Config: unix_socket_path = None (default)"},"filename":"/home/runner/work/xet-core/xet-core/xet_runtime/src/utils/configuration_utils.rs","line_number":54}
{"timestamp":"2026-09-07T19:17:41.917377Z","level":"INFO","fields":{"message":"Config: reconstruction_api_version = None (default)"},"filename":"/home/runner/work/xet-core/xet-core/xet_runtime/src/utils/configuration_utils.rs","line_number":54}
{"timestamp":"2026-09-07T19:17:41.917378Z","level":"INFO","fields":{"message":"Config: shard_api_version = None (default)"},"filename":"/home/runner/work/xet-core/xet-core/xet_runtime/src/utils/configuration_utils.rs","line_number":54}
{"timestamp":"2026-09-07T19:17:41.917379Z","level":"INFO","fields":{"message":"Config: enable_multirange_fetching = false (default)"},"filename":"/home/runner/work/xet-core/xet-core/xet_runtime/src/utils/configuration_utils.rs","line_number":54}
{"timestamp":"2026-09-07T19:17:41.917380Z","level":"INFO","fields":{"message":"Config: dest = None (default)"},"filename":"/home/runner/work/xet-core/xet-core/xet_runtime/src/utils/configuration_utils.rs","line_number":54}
{"timestamp":"2026-09-07T19:17:41.917381Z","level":"INFO","fields":{"message":"Config: format = None (default)"},"filename":"/home/runner/work/xet-core/xet-core/xet_runtime/src/utils/configuration_utils.rs","line_number":54}
{"timestamp":"2026-09-07T19:17:41.917382Z","level":"INFO","fields":{"message":"Config: prefix = \"xet\" (default)"},"filename":"/home/runner/work/xet-core/xet-core/xet_runtime/src/utils/configuration_utils.rs","line_number":54}
{"timestamp":"2026-09-07T19:17:41.917383Z","level":"INFO","fields":{"message":"Config: dir_disable_cleanup = false (default)"},"filename":"/home/runner/work/xet-core/xet-core/xet_runtime/src/utils/configuration_utils.rs","line_number":54}
{"timestamp":"2026-09-07T19:17:41.917384Z","level":"INFO","fields":{"message":"Config: dir_max_size = 250MB (default)"},"filename":"/home/runner/work/xet-core/xet-core/xet_runtime/src/utils/configuration_utils.rs","line_number":54}
{"timestamp":"2026-09-07T19:17:41.917385Z","level":"INFO","fields":{"message":"Config: dir_min_deletion_age = 86400s (default)"},"filename":"/home/runner/work/xet-core/xet-core/xet_runtime/src/utils/configuration_utils.rs","line_number":54}
{"timestamp":"2026-09-07T19:17:41.917386Z","level":"INFO","fields":{"message":"Config: dir_max_retention_age = 1209600s (default)"},"filename":"/home/runner/work/xet-core/xet-core/xet_runtime/src/utils/configuration_utils.rs","line_number":54}
{"timestamp":"2026-09-07T19:17:41.917387Z","level":"INFO","fields":{"message":"Config: min_reconstruction_fetch_size = 256MB (default)"},"filename":"/home/runner/work/xet-core/xet-core/xet_runtime/src/utils/configuration_utils.rs","line_number":54}
{"timestamp":"2026-09-07T19:17:41.917388Z","level":"INFO","fields":{"message":"Config: max_reconstruction_fetch_size = 8GB (default)"},"filename":"/home/runner/work/xet-core/xet-core/xet_runtime/src/utils/configuration_utils.rs","line_number":54}
{"timestamp":"2026-09-07T19:17:41.917389Z","level":"INFO","fields":{"message":"Config: download_buffer_size = 2GB (default)"},"filename":"/home/runner/work/xet-core/xet-core/xet_runtime/src/utils/configuration_utils.rs","line_number":54}
{"timestamp":"2026-09-07T19:17:41.917390Z","level":"INFO","fields":{"message":"Config: download_buffer_perfile_size = 512MB (default)"},"filename":"/home/runner/work/xet-core/xet-core/xet_runtime/src/utils/configuration_utils.rs","line_number":54}
{"timestamp":"2026-09-07T19:17:41.917391Z","level":"INFO","fields":{"message":"Config: download_buffer_limit = 8GB (default)"},"filename":"/home/runner/work/xet-core/xet-core/xet_runtime/src/utils/configuration_utils.rs","line_number":54}
{"timestamp":"2026-09-07T19:17:41.917392Z","level":"INFO","fields":{"message":"Config: completion_rate_estimator_half_life = 4.0 (default)"},"filename":"/home/runner/work/xet-core/xet-core/xet_runtime/src/utils/configuration_utils.rs","line_number":54}
{"timestamp":"2026-09-07T19:17:41.917393Z","level":"INFO","fields":{"message":"Config: target_block_completion_time = 900s (default)"},"filename":"/home/runner/work/xet-core/xet-core/xet_runtime/src/utils/configuration_utils.rs","line_number":54}
{"timestamp":"2026-09-07T19:17:41.917394Z","level":"INFO","fields":{"message":"Config: min_prefetch_buffer = 1GB (default)"},"filename":"/home/runner/work/xet-core/xet-core/xet_runtime/src/utils/configuration_utils.rs","line_number":54}
{"timestamp":"2026-09-07T19:17:41.917395Z","level":"INFO","fields":{"message":"Config: use_vectored_write = true (default)"},"filename":"/home/runner/work/xet-core/xet-core/xet_runtime/src/utils/configuration_utils.rs","line_number":54}
{"timestamp":"2026-09-07T19:17:41.917396Z","level":"INFO","fields":{"message":"Config: compression_scheme_retest_interval = 32 (default)"},"filename":"/home/runner/work/xet-core/xet-core/xet_runtime/src/utils/configuration_utils.rs","line_number":54}
{"timestamp":"2026-09-07T19:17:41.917398Z","level":"INFO","fields":{"message":"Config: compression_policy = \"auto\" (default)"},"filename":"/home/runner/work/xet-core/xet-core/xet_runtime/src/utils/config_enum.rs","line_number":174}
{"timestamp":"2026-09-07T19:17:41.917399Z","level":"INFO","fields":{"message":"Config: simulation_max_bytes = None (default)"},"filename":"/home/runner/work/xet-core/xet-core/xet_runtime/src/utils/configuration_utils.rs","line_number":54}
{"timestamp":"2026-09-07T19:17:41.917400Z","level":"INFO","fields":{"message":"Config: simulation_max_chunks = None (default)"},"filename":"/home/runner/work/xet-core/xet-core/xet_runtime/src/utils/configuration_utils.rs","line_number":54}
{"timestamp":"2026-09-07T19:17:41.917401Z","level":"INFO","fields":{"message":"Config: dir_name = \"shard-session\" (default)"},"filename":"/home/runner/work/xet-core/xet-core/xet_runtime/src/utils/configuration_utils.rs","line_number":54}
{"timestamp":"2026-09-07T19:17:41.917402Z","level":"INFO","fields":{"message":"Config: enabled = false (default)"},"filename":"/home/runner/work/xet-core/xet-core/xet_runtime/src/utils/configuration_utils.rs","line_number":54}
{"timestamp":"2026-09-07T19:17:41.917403Z","level":"INFO","fields":{"message":"Config: sample_interval = 5s (default)"},"filename":"/home/runner/work/xet-core/xet-core/xet_runtime/src/utils/configuration_utils.rs","line_number":54}
{"timestamp":"2026-09-07T19:17:41.917404Z","level":"INFO","fields":{"message":"Config: log_path = None (default)"},"filename":"/home/runner/work/xet-core/xet-core/xet_runtime/src/utils/configuration_utils.rs","line_number":54}
{"timestamp":"2026-09-07T19:17:41.917464Z","level":"INFO","fields":{"message":"Using 24 async threads for tokio runtime"},"filename":"/home/runner/work/xet-core/xet-core/xet_runtime/src/core/runtime/native.rs","line_number":63}
{"timestamp":"2026-09-07T19:17:41.918196Z","level":"INFO","fields":{"message":"Session created, session_id=01a07d4e-0b9e-70b2-97ed-11047a051867"},"filename":"/home/runner/work/xet-core/xet-core/xet_pkg/src/xet_session/session.rs","line_number":192}
{"timestamp":"2026-09-07T19:17:41.918548Z","level":"INFO","fields":{"message":"CAS auth disabled","caller":"/home/runner/work/xet-core/xet-core/xet_client/src/common/http_client.rs:166"},"filename":"/home/runner/work/xet-core/xet-core/xet_runtime/src/error_printer/mod.rs","line_number":198}
{"timestamp":"2026-09-07T19:17:41.926049Z","level":"INFO","fields":{"message":"HTTP client configured","idle_timeout":"60s","max_idle_connections":16,"custom_headers":"Some({\"user-agent\": \"unknown/None; hf_hub/1.27.0; python/3.11.15; torch/2.14.0+cpu; transformers/5.15.0; session_id/4f08e5a2274e4e7bb7f4f73a96d3ed04; file_type/tokenizer; from_auto_class/True\"})"},"filename":"/home/runner/work/xet-core/xet-core/xet_client/src/common/http_client.rs","line_number":187}
{"timestamp":"2026-09-07T19:17:41.926059Z","level":"INFO","fields":{"message":"Retry strategy","retry":"RetryWrapper { max_attempts: 5, base_delay: 3s, max_duration: 360s, no_retry_on_429: false, retry_on_403: false, expected_416: false, expected_404: false, log_errors_as_info: false, api_tag: \"xet-token\", has_connection_permit: false }"},"filename":"/home/runner/work/xet-core/xet-core/xet_client/src/cas_client/retry_wrapper.rs","line_number":274}
{"timestamp":"2026-09-07T19:17:42.134142Z","level":"INFO","fields":{"message":"Received CAS response","request_id":"Root=1-6a9f0dd6-22d709a95007251b608e9a55","status_code":200},"filename":"/home/runner/work/xet-core/xet-core/xet_client/src/common/http_client.rs","line_number":288}
{"timestamp":"2026-09-07T19:17:42.134180Z","level":"INFO","fields":{"message":"Request Success: xet-token api call succeeded (request id Root=1-6a9f0dd6-22d709a95007251b608e9a55)."},"filename":"/home/runner/work/xet-core/xet-core/xet_client/src/cas_client/retry_wrapper.rs","line_number":237}
{"timestamp":"2026-09-07T19:17:42.134416Z","level":"INFO","fields":{"message":"TranslatorConfig initialized","endpoint":"https://cas-server.xethub.hf.co","session_id":"Some(\"01a07d4e-0c76-7ce0-96e0-0e67ccc54d0e\")","shard_cache":"xet/https___cas_serv-tGqkUaZf_CBPHQ6h/shard-cache","shard_session":"xet/https___cas_serv-tGqkUaZf_CBPHQ6h/staging/shard-session"},"filename":"/home/runner/work/xet-core/xet-core/xet_data/src/processing/configurations.rs","line_number":127}
{"timestamp":"2026-09-07T19:17:42.144614Z","level":"INFO","fields":{"message":"HTTP client configured","idle_timeout":"60s","max_idle_connections":16,"custom_headers":"Some({\"user-agent\": \"unknown/None; hf_hub/1.27.0; python/3.11.15; torch/2.14.0+cpu; transformers/5.15.0; session_id/4f08e5a2274e4e7bb7f4f73a96d3ed04; file_type/tokenizer; from_auto_class/True; hf_xet/1.6.0\"})"},"filename":"/home/runner/work/xet-core/xet-core/xet_client/src/common/http_client.rs","line_number":187}
{"timestamp":"2026-09-07T19:17:42.144638Z","level":"INFO","fields":{"message":"CAS auth disabled","caller":"/home/runner/work/xet-core/xet-core/xet_client/src/common/http_client.rs:166"},"filename":"/home/runner/work/xet-core/xet-core/xet_runtime/src/error_printer/mod.rs","line_number":198}
{"timestamp":"2026-09-07T19:17:42.144649Z","level":"INFO","fields":{"message":"HTTP client configured","idle_timeout":"60s","max_idle_connections":16,"custom_headers":"Some({\"user-agent\": \"unknown/None; hf_hub/1.27.0; python/3.11.15; torch/2.14.0+cpu; transformers/5.15.0; session_id/4f08e5a2274e4e7bb7f4f73a96d3ed04; file_type/tokenizer; from_auto_class/True; hf_xet/1.6.0\"})"},"filename":"/home/runner/work/xet-core/xet-core/xet_client/src/common/http_client.rs","line_number":187}
{"timestamp":"2026-09-07T19:17:42.150963Z","level":"INFO","fields":{"message":"No-read-timeout HTTP client configured (for shard uploads)","connect_timeout":"60s"},"filename":"/home/runner/work/xet-core/xet-core/xet_client/src/common/http_client.rs","line_number":136}
{"timestamp":"2026-09-07T19:17:42.150966Z","level":"INFO","fields":{"message":"Initializing Adaptive Concurrency Controller for upload with starting concurrency = 2; min = 1, max = 64, min_bytes_for_adjustment = 20000000, min_completed_transmissions_for_adjustment = 1"},"filename":"/home/runner/work/xet-core/xet-core/xet_client/src/cas_client/adaptive_concurrency/controller.rs","line_number":306}
{"timestamp":"2026-09-07T19:17:42.150969Z","level":"INFO","fields":{"message":"Initializing Adaptive Concurrency Controller for download with starting concurrency = 4; min = 1, max = 64, min_bytes_for_adjustment = 20000000, min_completed_transmissions_for_adjustment = 1"},"filename":"/home/runner/work/xet-core/xet-core/xet_client/src/cas_client/adaptive_concurrency/controller.rs","line_number":306}
{"timestamp":"2026-09-07T19:17:42.151099Z","level":"INFO","fields":{"message":"New file download group, session_id=01a07d4e-0b9e-70b2-97ed-11047a051867, group_id=1"},"filename":"/home/runner/work/xet-core/xet-core/xet_pkg/src/xet_session/file_download_group.rs","line_number":61}
{"timestamp":"2026-09-07T19:17:42.151171Z","level":"INFO","fields":{"message":"Download file to path","group_id":"1","dest_path":"\"/goinfre/tcaccava/gipimpin-callmemaybe/hub/models--Qwen--Qwen3-0.6B/blobs/aeb13307a71acd8fe81861d94ad54ab689df773318809eed3cbe794b4492dae4.3482924e.incomplete\"","hash":"6aec39639a0a2d1ca966356b8c2b8426a484f80ff80731f44fa8482040713bdf"},"filename":"/home/runner/work/xet-core/xet-core/xet_pkg/src/xet_session/file_download_group.rs","line_number":287}
{"timestamp":"2026-09-07T19:17:42.151262Z","level":"INFO","fields":{"message":"Reconstructing file to disk","file_hash":"6aec39639a0a2d1ca966356b8c2b8426a484f80ff80731f44fa8482040713bdf","byte_range":"None","path":"/goinfre/tcaccava/gipimpin-callmemaybe/hub/models--Qwen--Qwen3-0.6B/blobs/aeb13307a71acd8fe81861d94ad54ab689df773318809eed3cbe794b4492dae4.3482924e.incomplete","write_offset":"None"},"filename":"/home/runner/work/xet-core/xet-core/xet_data/src/file_reconstruction/file_reconstructor.rs","line_number":126}
{"timestamp":"2026-09-07T19:17:42.151318Z","level":"INFO","fields":{"message":"Scheduling prefetch block","file_hash":"6aec39639a0a2d1ca966356b8c2b8426a484f80ff80731f44fa8482040713bdf","prefetch_range":"(0, 256000000)","requested_block_size":256000000,"actual_block_size":256000000,"queue_depth":1},"filename":"/home/runner/work/xet-core/xet-core/xet_data/src/file_reconstruction/reconstruction_terms/manager.rs","line_number":277}
{"timestamp":"2026-09-07T19:17:42.151323Z","level":"INFO","fields":{"message":"Scheduling prefetch block","file_hash":"6aec39639a0a2d1ca966356b8c2b8426a484f80ff80731f44fa8482040713bdf","prefetch_range":"(256000000, 768000000)","requested_block_size":512000000,"actual_block_size":512000000,"queue_depth":2},"filename":"/home/runner/work/xet-core/xet-core/xet_data/src/file_reconstruction/reconstruction_terms/manager.rs","line_number":277}
{"timestamp":"2026-09-07T19:17:42.151326Z","level":"INFO","fields":{"message":"Scheduling prefetch block","file_hash":"6aec39639a0a2d1ca966356b8c2b8426a484f80ff80731f44fa8482040713bdf","prefetch_range":"(768000000, 1024000000)","requested_block_size":256000000,"actual_block_size":256000000,"queue_depth":3},"filename":"/home/runner/work/xet-core/xet-core/xet_data/src/file_reconstruction/reconstruction_terms/manager.rs","line_number":277}
{"timestamp":"2026-09-07T19:17:42.151332Z","level":"INFO","fields":{"message":"Starting get_reconstruction API call","call_id":1,"file_id":"6aec39639a0a2d1ca966356b8c2b8426a484f80ff80731f44fa8482040713bdf","bytes_range":"Some(Range { start: 768000000, end: 1024000000 })","api_version":"v2"},"filename":"/home/runner/work/xet-core/xet-core/xet_client/src/cas_client/remote_client.rs","line_number":214}
{"timestamp":"2026-09-07T19:17:42.151335Z","level":"INFO","fields":{"message":"Retry strategy","retry":"RetryWrapper { max_attempts: 5, base_delay: 3s, max_duration: 360s, no_retry_on_429: false, retry_on_403: false, expected_416: true, expected_404: false, log_errors_as_info: false, api_tag: \"cas::get_reconstruction_v2\", has_connection_permit: false }"},"filename":"/home/runner/work/xet-core/xet-core/xet_client/src/cas_client/retry_wrapper.rs","line_number":274}
{"timestamp":"2026-09-07T19:17:42.151365Z","level":"INFO","fields":{"message":"Starting get_reconstruction API call","call_id":2,"file_id":"6aec39639a0a2d1ca966356b8c2b8426a484f80ff80731f44fa8482040713bdf","bytes_range":"Some(Range { start: 0, end: 256000000 })","api_version":"v2"},"filename":"/home/runner/work/xet-core/xet-core/xet_client/src/cas_client/remote_client.rs","line_number":214}
{"timestamp":"2026-09-07T19:17:42.151379Z","level":"INFO","fields":{"message":"Retry strategy","retry":"RetryWrapper { max_attempts: 5, base_delay: 3s, max_duration: 360s, no_retry_on_429: false, retry_on_403: false, expected_416: true, expected_404: false, log_errors_as_info: false, api_tag: \"cas::get_reconstruction_v2\", has_connection_permit: false }"},"filename":"/home/runner/work/xet-core/xet-core/xet_client/src/cas_client/retry_wrapper.rs","line_number":274}
{"timestamp":"2026-09-07T19:17:42.151387Z","level":"INFO","fields":{"message":"Starting get_reconstruction API call","call_id":3,"file_id":"6aec39639a0a2d1ca966356b8c2b8426a484f80ff80731f44fa8482040713bdf","bytes_range":"Some(Range { start: 256000000, end: 768000000 })","api_version":"v2"},"filename":"/home/runner/work/xet-core/xet-core/xet_client/src/cas_client/remote_client.rs","line_number":214}
{"timestamp":"2026-09-07T19:17:42.151389Z","level":"INFO","fields":{"message":"Retry strategy","retry":"RetryWrapper { max_attempts: 5, base_delay: 3s, max_duration: 360s, no_retry_on_429: false, retry_on_403: false, expected_416: true, expected_404: false, log_errors_as_info: false, api_tag: \"cas::get_reconstruction_v2\", has_connection_permit: false }"},"filename":"/home/runner/work/xet-core/xet-core/xet_client/src/cas_client/retry_wrapper.rs","line_number":274}
{"timestamp":"2026-09-07T19:17:42.151549Z","level":"INFO","fields":{"message":"Download group finish","group_id":"1"},"filename":"/home/runner/work/xet-core/xet-core/xet_pkg/src/xet_session/file_download_group.rs","line_number":306}
{"timestamp":"2026-09-07T19:17:42.557128Z","level":"INFO","fields":{"message":"Received CAS response","request_id":"01M1YMW3F8VV2DYN5P10AV7PD9","status_code":416},"filename":"/home/runner/work/xet-core/xet-core/xet_client/src/common/http_client.rs","line_number":288}
{"timestamp":"2026-09-07T19:17:42.557174Z","level":"INFO","fields":{"message":"Reached end of reconstruction 416 (Range Not Satisfiable): \"cas::get_reconstruction_v2\" api call failed (request id 01M1YMW3F8VV2DYN5P10AV7PD9): HTTP status client error (416 Range Not Satisfiable) for url (https://cas-server.xethub.hf.co/v2/reconstructions/6aec39639a0a2d1ca966356b8c2b8426a484f80ff80731f44fa8482040713bdf)"},"filename":"/home/runner/work/xet-core/xet-core/xet_client/src/cas_client/retry_wrapper.rs","line_number":189}
{"timestamp":"2026-09-07T19:17:42.571931Z","level":"INFO","fields":{"message":"Received CAS response","request_id":"01M1YMW3FM0D1EGE536G5V7TF3","status_code":416},"filename":"/home/runner/work/xet-core/xet-core/xet_client/src/common/http_client.rs","line_number":288}
{"timestamp":"2026-09-07T19:17:42.571951Z","level":"INFO","fields":{"message":"Reached end of reconstruction 416 (Range Not Satisfiable): \"cas::get_reconstruction_v2\" api call failed (request id 01M1YMW3FM0D1EGE536G5V7TF3): HTTP status client error (416 Range Not Satisfiable) for url (https://cas-server.xethub.hf.co/v2/reconstructions/6aec39639a0a2d1ca966356b8c2b8426a484f80ff80731f44fa8482040713bdf)"},"filename":"/home/runner/work/xet-core/xet-core/xet_client/src/cas_client/retry_wrapper.rs","line_number":189}
{"timestamp":"2026-09-07T19:17:42.613993Z","level":"INFO","fields":{"message":"Received CAS response","request_id":"01M1YMW3G3RZKS1YX5P467RYY6","status_code":200},"filename":"/home/runner/work/xet-core/xet-core/xet_client/src/common/http_client.rs","line_number":288}
{"timestamp":"2026-09-07T19:17:42.614017Z","level":"INFO","fields":{"message":"Request Success: cas::get_reconstruction_v2 api call succeeded (request id 01M1YMW3G3RZKS1YX5P467RYY6)."},"filename":"/home/runner/work/xet-core/xet-core/xet_client/src/cas_client/retry_wrapper.rs","line_number":237}
{"timestamp":"2026-09-07T19:17:42.614069Z","level":"INFO","fields":{"message":"Completed get_reconstruction API call","call_id":2,"file_id":"6aec39639a0a2d1ca966356b8c2b8426a484f80ff80731f44fa8482040713bdf","bytes_range":"Some(Range { start: 0, end: 256000000 })","api_version":"v2"},"filename":"/home/runner/work/xet-core/xet-core/xet_client/src/cas_client/remote_client.rs","line_number":238}
{"timestamp":"2026-09-07T19:17:42.614128Z","level":"INFO","fields":{"message":"Received block of file terms from prefetch queue","file_hash":"6aec39639a0a2d1ca966356b8c2b8426a484f80ff80731f44fa8482040713bdf","domain":"us.aws.cdn.hf.co","block_start":0,"block_end":11422654,"block_size":3},"filename":"/home/runner/work/xet-core/xet-core/xet_data/src/file_reconstruction/reconstruction_terms/manager.rs","line_number":156}
{"timestamp":"2026-09-07T19:17:42.614161Z","level":"INFO","fields":{"message":"Updated completion rate estimate based on previous block completion time (seconds).","file_hash":"6aec39639a0a2d1ca966356b8c2b8426a484f80ff80731f44fa8482040713bdf","block_start":0,"block_end":11422654,"block_size":11422654,"completion_time":0.0000322},"filename":"/home/runner/work/xet-core/xet-core/xet_data/src/file_reconstruction/reconstruction_terms/manager.rs","line_number":109}
{"timestamp":"2026-09-07T19:17:42.614170Z","level":"INFO","fields":{"message":"Completed prefetch queue; end of file reached.","file_hash":"6aec39639a0a2d1ca966356b8c2b8426a484f80ff80731f44fa8482040713bdf","prefetched_byte_position":1024000000},"filename":"/home/runner/work/xet-core/xet-core/xet_data/src/file_reconstruction/reconstruction_terms/manager.rs","line_number":183}
{"timestamp":"2026-09-07T19:17:42.614177Z","level":"INFO","fields":{"message":"All term blocks received and scheduled for writing","file_hash":"6aec39639a0a2d1ca966356b8c2b8426a484f80ff80731f44fa8482040713bdf","block_count":1,"total_terms_processed":3,"total_bytes_scheduled":11422654},"filename":"/home/runner/work/xet-core/xet-core/xet_data/src/file_reconstruction/run_state.rs","line_number":150}
{"timestamp":"2026-09-07T19:17:42.614220Z","level":"INFO","fields":{"message":"Retry strategy","retry":"RetryWrapper { max_attempts: 5, base_delay: 3s, max_duration: 360s, no_retry_on_429: false, retry_on_403: true, expected_416: false, expected_404: false, log_errors_as_info: false, api_tag: \"s3::get_range\", has_connection_permit: true }"},"filename":"/home/runner/work/xet-core/xet-core/xet_client/src/cas_client/retry_wrapper.rs","line_number":274}
{"timestamp":"2026-09-07T19:17:42.614288Z","level":"INFO","fields":{"message":"Retry strategy","retry":"RetryWrapper { max_attempts: 5, base_delay: 3s, max_duration: 360s, no_retry_on_429: false, retry_on_403: true, expected_416: false, expected_404: false, log_errors_as_info: false, api_tag: \"s3::get_range\", has_connection_permit: true }"},"filename":"/home/runner/work/xet-core/xet-core/xet_client/src/cas_client/retry_wrapper.rs","line_number":274}
{"timestamp":"2026-09-07T19:17:42.718997Z","level":"INFO","fields":{"message":"Received CAS response","request_id":"01M1YMW3N4RAQ6F230S5B19AAR","status_code":206},"filename":"/home/runner/work/xet-core/xet-core/xet_client/src/common/http_client.rs","line_number":288}
{"timestamp":"2026-09-07T19:17:42.719025Z","level":"INFO","fields":{"message":"Request Success: s3::get_range api call succeeded (request id 01M1YMW3N4RAQ6F230S5B19AAR)."},"filename":"/home/runner/work/xet-core/xet-core/xet_client/src/cas_client/retry_wrapper.rs","line_number":237}
{"timestamp":"2026-09-07T19:17:42.721236Z","level":"INFO","fields":{"message":"Received CAS response","request_id":"01M1YMW3N8J35566H3MBDBXYTA","status_code":206},"filename":"/home/runner/work/xet-core/xet-core/xet_client/src/common/http_client.rs","line_number":288}
{"timestamp":"2026-09-07T19:17:42.721259Z","level":"INFO","fields":{"message":"Request Success: s3::get_range api call succeeded (request id 01M1YMW3N8J35566H3MBDBXYTA)."},"filename":"/home/runner/work/xet-core/xet-core/xet_client/src/cas_client/retry_wrapper.rs","line_number":237}
{"timestamp":"2026-09-07T19:17:42.965087Z","level":"INFO","fields":{"message":"File reconstruction completed successfully","file_hash":"6aec39639a0a2d1ca966356b8c2b8426a484f80ff80731f44fa8482040713bdf","block_count":1,"total_terms_processed":3,"total_bytes_scheduled":11422654},"filename":"/home/runner/work/xet-core/xet-core/xet_data/src/file_reconstruction/run_state.rs","line_number":150}
{"timestamp":"2026-09-07T19:17:44.171610Z","level":"INFO","fields":{"message":"CAS auth disabled","caller":"/home/runner/work/xet-core/xet-core/xet_client/src/common/http_client.rs:166"},"filename":"/home/runner/work/xet-core/xet-core/xet_runtime/src/error_printer/mod.rs","line_number":198}
{"timestamp":"2026-09-07T19:17:44.181466Z","level":"INFO","fields":{"message":"HTTP client configured","idle_timeout":"60s","max_idle_connections":16,"custom_headers":"Some({\"user-agent\": \"unknown/None; hf_hub/1.27.0; python/3.11.15; torch/2.14.0+cpu; transformers/5.15.0; session_id/4f08e5a2274e4e7bb7f4f73a96d3ed04; file_type/model; framework/pytorch; from_auto_class/False\"})"},"filename":"/home/runner/work/xet-core/xet-core/xet_client/src/common/http_client.rs","line_number":187}
{"timestamp":"2026-09-07T19:17:44.181479Z","level":"INFO","fields":{"message":"Retry strategy","retry":"RetryWrapper { max_attempts: 5, base_delay: 3s, max_duration: 360s, no_retry_on_429: false, retry_on_403: false, expected_416: false, expected_404: false, log_errors_as_info: false, api_tag: \"xet-token\", has_connection_permit: false }"},"filename":"/home/runner/work/xet-core/xet-core/xet_client/src/cas_client/retry_wrapper.rs","line_number":274}
{"timestamp":"2026-09-07T19:17:44.365895Z","level":"INFO","fields":{"message":"Received CAS response","request_id":"Root=1-6a9f0dd8-6084cc473dcc6f886db806cd","status_code":200},"filename":"/home/runner/work/xet-core/xet-core/xet_client/src/common/http_client.rs","line_number":288}
{"timestamp":"2026-09-07T19:17:44.365926Z","level":"INFO","fields":{"message":"Request Success: xet-token api call succeeded (request id Root=1-6a9f0dd8-6084cc473dcc6f886db806cd)."},"filename":"/home/runner/work/xet-core/xet-core/xet_client/src/cas_client/retry_wrapper.rs","line_number":237}
{"timestamp":"2026-09-07T19:17:44.366019Z","level":"INFO","fields":{"message":"TranslatorConfig initialized","endpoint":"https://cas-server.xethub.hf.co","session_id":"Some(\"01a07d4e-152d-7760-8eaa-72c2b0cd0890\")","shard_cache":"xet/https___cas_serv-tGqkUaZf_CBPHQ6h/shard-cache","shard_session":"xet/https___cas_serv-tGqkUaZf_CBPHQ6h/staging/shard-session"},"filename":"/home/runner/work/xet-core/xet-core/xet_data/src/processing/configurations.rs","line_number":127}
{"timestamp":"2026-09-07T19:17:44.372963Z","level":"INFO","fields":{"message":"HTTP client configured","idle_timeout":"60s","max_idle_connections":16,"custom_headers":"Some({\"user-agent\": \"unknown/None; hf_hub/1.27.0; python/3.11.15; torch/2.14.0+cpu; transformers/5.15.0; session_id/4f08e5a2274e4e7bb7f4f73a96d3ed04; file_type/model; framework/pytorch; from_auto_class/False; hf_xet/1.6.0\"})"},"filename":"/home/runner/work/xet-core/xet-core/xet_client/src/common/http_client.rs","line_number":187}
{"timestamp":"2026-09-07T19:17:44.372968Z","level":"INFO","fields":{"message":"CAS auth disabled","caller":"/home/runner/work/xet-core/xet-core/xet_client/src/common/http_client.rs:166"},"filename":"/home/runner/work/xet-core/xet-core/xet_runtime/src/error_printer/mod.rs","line_number":198}
{"timestamp":"2026-09-07T19:17:44.372971Z","level":"INFO","fields":{"message":"HTTP client configured","idle_timeout":"60s","max_idle_connections":16,"custom_headers":"Some({\"user-agent\": \"unknown/None; hf_hub/1.27.0; python/3.11.15; torch/2.14.0+cpu; transformers/5.15.0; session_id/4f08e5a2274e4e7bb7f4f73a96d3ed04; file_type/model; framework/pytorch; from_auto_class/False; hf_xet/1.6.0\"})"},"filename":"/home/runner/work/xet-core/xet-core/xet_client/src/common/http_client.rs","line_number":187}
{"timestamp":"2026-09-07T19:17:44.374846Z","level":"INFO","fields":{"message":"No-read-timeout HTTP client configured (for shard uploads)","connect_timeout":"60s"},"filename":"/home/runner/work/xet-core/xet-core/xet_client/src/common/http_client.rs","line_number":136}
{"timestamp":"2026-09-07T19:17:44.374977Z","level":"INFO","fields":{"message":"New file download group, session_id=01a07d4e-0b9e-70b2-97ed-11047a051867, group_id=4"},"filename":"/home/runner/work/xet-core/xet-core/xet_pkg/src/xet_session/file_download_group.rs","line_number":61}
{"timestamp":"2026-09-07T19:17:44.375057Z","level":"INFO","fields":{"message":"Download file to path","group_id":"4","dest_path":"\"/goinfre/tcaccava/gipimpin-callmemaybe/hub/models--Qwen--Qwen3-0.6B/blobs/f47f71177f32bcd101b7573ec9171e6a57f4f4d31148d38e382306f42996874b.b8e55541.incomplete\"","hash":"6f87d3bff66602a9611e541180dec950a6b6a9068ca274ee43ac8f83550f0223"},"filename":"/home/runner/work/xet-core/xet-core/xet_pkg/src/xet_session/file_download_group.rs","line_number":287}
{"timestamp":"2026-09-07T19:17:44.375124Z","level":"INFO","fields":{"message":"Reconstructing file to disk","file_hash":"6f87d3bff66602a9611e541180dec950a6b6a9068ca274ee43ac8f83550f0223","byte_range":"None","path":"/goinfre/tcaccava/gipimpin-callmemaybe/hub/models--Qwen--Qwen3-0.6B/blobs/f47f71177f32bcd101b7573ec9171e6a57f4f4d31148d38e382306f42996874b.b8e55541.incomplete","write_offset":"None"},"filename":"/home/runner/work/xet-core/xet-core/xet_data/src/file_reconstruction/file_reconstructor.rs","line_number":126}
{"timestamp":"2026-09-07T19:17:44.375182Z","level":"INFO","fields":{"message":"Scheduling prefetch block","file_hash":"6f87d3bff66602a9611e541180dec950a6b6a9068ca274ee43ac8f83550f0223","prefetch_range":"(0, 256000000)","requested_block_size":256000000,"actual_block_size":256000000,"queue_depth":1},"filename":"/home/runner/work/xet-core/xet-core/xet_data/src/file_reconstruction/reconstruction_terms/manager.rs","line_number":277}
{"timestamp":"2026-09-07T19:17:44.375186Z","level":"INFO","fields":{"message":"Scheduling prefetch block","file_hash":"6f87d3bff66602a9611e541180dec950a6b6a9068ca274ee43ac8f83550f0223","prefetch_range":"(256000000, 768000000)","requested_block_size":512000000,"actual_block_size":512000000,"queue_depth":2},"filename":"/home/runner/work/xet-core/xet-core/xet_data/src/file_reconstruction/reconstruction_terms/manager.rs","line_number":277}
{"timestamp":"2026-09-07T19:17:44.375189Z","level":"INFO","fields":{"message":"Scheduling prefetch block","file_hash":"6f87d3bff66602a9611e541180dec950a6b6a9068ca274ee43ac8f83550f0223","prefetch_range":"(768000000, 1024000000)","requested_block_size":256000000,"actual_block_size":256000000,"queue_depth":3},"filename":"/home/runner/work/xet-core/xet-core/xet_data/src/file_reconstruction/reconstruction_terms/manager.rs","line_number":277}
{"timestamp":"2026-09-07T19:17:44.375196Z","level":"INFO","fields":{"message":"Starting get_reconstruction API call","call_id":4,"file_id":"6f87d3bff66602a9611e541180dec950a6b6a9068ca274ee43ac8f83550f0223","bytes_range":"Some(Range { start: 768000000, end: 1024000000 })","api_version":"v2"},"filename":"/home/runner/work/xet-core/xet-core/xet_client/src/cas_client/remote_client.rs","line_number":214}
{"timestamp":"2026-09-07T19:17:44.375199Z","level":"INFO","fields":{"message":"Retry strategy","retry":"RetryWrapper { max_attempts: 5, base_delay: 3s, max_duration: 360s, no_retry_on_429: false, retry_on_403: false, expected_416: true, expected_404: false, log_errors_as_info: false, api_tag: \"cas::get_reconstruction_v2\", has_connection_permit: false }"},"filename":"/home/runner/work/xet-core/xet-core/xet_client/src/cas_client/retry_wrapper.rs","line_number":274}
{"timestamp":"2026-09-07T19:17:44.375222Z","level":"INFO","fields":{"message":"Starting get_reconstruction API call","call_id":5,"file_id":"6f87d3bff66602a9611e541180dec950a6b6a9068ca274ee43ac8f83550f0223","bytes_range":"Some(Range { start: 0, end: 256000000 })","api_version":"v2"},"filename":"/home/runner/work/xet-core/xet-core/xet_client/src/cas_client/remote_client.rs","line_number":214}
{"timestamp":"2026-09-07T19:17:44.375230Z","level":"INFO","fields":{"message":"Retry strategy","retry":"RetryWrapper { max_attempts: 5, base_delay: 3s, max_duration: 360s, no_retry_on_429: false, retry_on_403: false, expected_416: true, expected_404: false, log_errors_as_info: false, api_tag: \"cas::get_reconstruction_v2\", has_connection_permit: false }"},"filename":"/home/runner/work/xet-core/xet-core/xet_client/src/cas_client/retry_wrapper.rs","line_number":274}
{"timestamp":"2026-09-07T19:17:44.375227Z","level":"INFO","fields":{"message":"Download group finish","group_id":"4"},"filename":"/home/runner/work/xet-core/xet-core/xet_pkg/src/xet_session/file_download_group.rs","line_number":306}
{"timestamp":"2026-09-07T19:17:44.375236Z","level":"INFO","fields":{"message":"Starting get_reconstruction API call","call_id":6,"file_id":"6f87d3bff66602a9611e541180dec950a6b6a9068ca274ee43ac8f83550f0223","bytes_range":"Some(Range { start: 256000000, end: 768000000 })","api_version":"v2"},"filename":"/home/runner/work/xet-core/xet-core/xet_client/src/cas_client/remote_client.rs","line_number":214}
{"timestamp":"2026-09-07T19:17:44.375239Z","level":"INFO","fields":{"message":"Retry strategy","retry":"RetryWrapper { max_attempts: 5, base_delay: 3s, max_duration: 360s, no_retry_on_429: false, retry_on_403: false, expected_416: true, expected_404: false, log_errors_as_info: false, api_tag: \"cas::get_reconstruction_v2\", has_connection_permit: false }"},"filename":"/home/runner/work/xet-core/xet-core/xet_client/src/cas_client/retry_wrapper.rs","line_number":274}
{"timestamp":"2026-09-07T19:17:44.862983Z","level":"INFO","fields":{"message":"Received CAS response","request_id":"01M1YMW5N4VHNWGCCYCS296A9H","status_code":200},"filename":"/home/runner/work/xet-core/xet-core/xet_client/src/common/http_client.rs","line_number":288}
{"timestamp":"2026-09-07T19:17:44.863018Z","level":"INFO","fields":{"message":"Request Success: cas::get_reconstruction_v2 api call succeeded (request id 01M1YMW5N4VHNWGCCYCS296A9H)."},"filename":"/home/runner/work/xet-core/xet-core/xet_client/src/cas_client/retry_wrapper.rs","line_number":237}
{"timestamp":"2026-09-07T19:17:44.863093Z","level":"INFO","fields":{"message":"Completed get_reconstruction API call","call_id":5,"file_id":"6f87d3bff66602a9611e541180dec950a6b6a9068ca274ee43ac8f83550f0223","bytes_range":"Some(Range { start: 0, end: 256000000 })","api_version":"v2"},"filename":"/home/runner/work/xet-core/xet-core/xet_client/src/cas_client/remote_client.rs","line_number":238}
{"timestamp":"2026-09-07T19:17:44.863154Z","level":"INFO","fields":{"message":"Received block of file terms from prefetch queue","file_hash":"6f87d3bff66602a9611e541180dec950a6b6a9068ca274ee43ac8f83550f0223","domain":"us.aws.cdn.hf.co","block_start":0,"block_end":256000000,"block_size":5},"filename":"/home/runner/work/xet-core/xet-core/xet_data/src/file_reconstruction/reconstruction_terms/manager.rs","line_number":156}
{"timestamp":"2026-09-07T19:17:44.863205Z","level":"INFO","fields":{"message":"Updated completion rate estimate based on previous block completion time (seconds).","file_hash":"6f87d3bff66602a9611e541180dec950a6b6a9068ca274ee43ac8f83550f0223","block_start":0,"block_end":256000000,"block_size":256000000,"completion_time":0.000050424},"filename":"/home/runner/work/xet-core/xet-core/xet_data/src/file_reconstruction/reconstruction_terms/manager.rs","line_number":109}
{"timestamp":"2026-09-07T19:17:44.863216Z","level":"INFO","fields":{"message":"Scheduling prefetch block","file_hash":"6f87d3bff66602a9611e541180dec950a6b6a9068ca274ee43ac8f83550f0223","prefetch_range":"(1024000000, 9024000000)","requested_block_size":8000000000,"actual_block_size":8000000000,"queue_depth":3},"filename":"/home/runner/work/xet-core/xet-core/xet_data/src/file_reconstruction/reconstruction_terms/manager.rs","line_number":277}
{"timestamp":"2026-09-07T19:17:44.863242Z","level":"INFO","fields":{"message":"Starting get_reconstruction API call","call_id":7,"file_id":"6f87d3bff66602a9611e541180dec950a6b6a9068ca274ee43ac8f83550f0223","bytes_range":"Some(Range { start: 1024000000, end: 9024000000 })","api_version":"v2"},"filename":"/home/runner/work/xet-core/xet-core/xet_client/src/cas_client/remote_client.rs","line_number":214}
{"timestamp":"2026-09-07T19:17:44.863251Z","level":"INFO","fields":{"message":"Retry strategy","retry":"RetryWrapper { max_attempts: 5, base_delay: 3s, max_duration: 360s, no_retry_on_429: false, retry_on_403: false, expected_416: true, expected_404: false, log_errors_as_info: false, api_tag: \"cas::get_reconstruction_v2\", has_connection_permit: false }"},"filename":"/home/runner/work/xet-core/xet-core/xet_client/src/cas_client/retry_wrapper.rs","line_number":274}
{"timestamp":"2026-09-07T19:17:44.863284Z","level":"INFO","fields":{"message":"Retry strategy","retry":"RetryWrapper { max_attempts: 5, base_delay: 3s, max_duration: 360s, no_retry_on_429: false, retry_on_403: true, expected_416: false, expected_404: false, log_errors_as_info: false, api_tag: \"s3::get_range\", has_connection_permit: true }"},"filename":"/home/runner/work/xet-core/xet-core/xet_client/src/cas_client/retry_wrapper.rs","line_number":274}
{"timestamp":"2026-09-07T19:17:44.863617Z","level":"INFO","fields":{"message":"Retry strategy","retry":"RetryWrapper { max_attempts: 5, base_delay: 3s, max_duration: 360s, no_retry_on_429: false, retry_on_403: true, expected_416: false, expected_404: false, log_errors_as_info: false, api_tag: \"s3::get_range\", has_connection_permit: true }"},"filename":"/home/runner/work/xet-core/xet-core/xet_client/src/cas_client/retry_wrapper.rs","line_number":274}
{"timestamp":"2026-09-07T19:17:44.863722Z","level":"INFO","fields":{"message":"Retry strategy","retry":"RetryWrapper { max_attempts: 5, base_delay: 3s, max_duration: 360s, no_retry_on_429: false, retry_on_403: true, expected_416: false, expected_404: false, log_errors_as_info: false, api_tag: \"s3::get_range\", has_connection_permit: true }"},"filename":"/home/runner/work/xet-core/xet-core/xet_client/src/cas_client/retry_wrapper.rs","line_number":274}
{"timestamp":"2026-09-07T19:17:44.863814Z","level":"INFO","fields":{"message":"Retry strategy","retry":"RetryWrapper { max_attempts: 5, base_delay: 3s, max_duration: 360s, no_retry_on_429: false, retry_on_403: true, expected_416: false, expected_404: false, log_errors_as_info: false, api_tag: \"s3::get_range\", has_connection_permit: true }"},"filename":"/home/runner/work/xet-core/xet-core/xet_client/src/cas_client/retry_wrapper.rs","line_number":274}
{"timestamp":"2026-09-07T19:17:44.955882Z","level":"INFO","fields":{"message":"Received CAS response","request_id":"01M1YMW5NMA5Y1NPFJQPJ2FJDZ","status_code":200},"filename":"/home/runner/work/xet-core/xet-core/xet_client/src/common/http_client.rs","line_number":288}
{"timestamp":"2026-09-07T19:17:44.955909Z","level":"INFO","fields":{"message":"Request Success: cas::get_reconstruction_v2 api call succeeded (request id 01M1YMW5NMA5Y1NPFJQPJ2FJDZ)."},"filename":"/home/runner/work/xet-core/xet-core/xet_client/src/cas_client/retry_wrapper.rs","line_number":237}
{"timestamp":"2026-09-07T19:17:44.956076Z","level":"INFO","fields":{"message":"Completed get_reconstruction API call","call_id":4,"file_id":"6f87d3bff66602a9611e541180dec950a6b6a9068ca274ee43ac8f83550f0223","bytes_range":"Some(Range { start: 768000000, end: 1024000000 })","api_version":"v2"},"filename":"/home/runner/work/xet-core/xet-core/xet_client/src/cas_client/remote_client.rs","line_number":238}
{"timestamp":"2026-09-07T19:17:44.965170Z","level":"INFO","fields":{"message":"Received CAS response","request_id":"01M1YMW5NTC188X8J8N1JYA4TD","status_code":200},"filename":"/home/runner/work/xet-core/xet-core/xet_client/src/common/http_client.rs","line_number":288}
{"timestamp":"2026-09-07T19:17:44.965193Z","level":"INFO","fields":{"message":"Request Success: cas::get_reconstruction_v2 api call succeeded (request id 01M1YMW5NTC188X8J8N1JYA4TD)."},"filename":"/home/runner/work/xet-core/xet-core/xet_client/src/cas_client/retry_wrapper.rs","line_number":237}
{"timestamp":"2026-09-07T19:17:44.965368Z","level":"INFO","fields":{"message":"Completed get_reconstruction API call","call_id":6,"file_id":"6f87d3bff66602a9611e541180dec950a6b6a9068ca274ee43ac8f83550f0223","bytes_range":"Some(Range { start: 256000000, end: 768000000 })","api_version":"v2"},"filename":"/home/runner/work/xet-core/xet-core/xet_client/src/cas_client/remote_client.rs","line_number":238}
{"timestamp":"2026-09-07T19:17:44.965475Z","level":"INFO","fields":{"message":"Received block of file terms from prefetch queue","file_hash":"6f87d3bff66602a9611e541180dec950a6b6a9068ca274ee43ac8f83550f0223","domain":"us.aws.cdn.hf.co","block_start":256000000,"block_end":768000000,"block_size":37},"filename":"/home/runner/work/xet-core/xet-core/xet_data/src/file_reconstruction/reconstruction_terms/manager.rs","line_number":156}
{"timestamp":"2026-09-07T19:17:44.965619Z","level":"INFO","fields":{"message":"Updated completion rate estimate based on previous block completion time (seconds).","file_hash":"6f87d3bff66602a9611e541180dec950a6b6a9068ca274ee43ac8f83550f0223","block_start":256000000,"block_end":768000000,"block_size":512000000,"completion_time":0.000144043},"filename":"/home/runner/work/xet-core/xet-core/xet_data/src/file_reconstruction/reconstruction_terms/manager.rs","line_number":109}
{"timestamp":"2026-09-07T19:17:44.965633Z","level":"INFO","fields":{"message":"Scheduling prefetch block","file_hash":"6f87d3bff66602a9611e541180dec950a6b6a9068ca274ee43ac8f83550f0223","prefetch_range":"(9024000000, 17024000000)","requested_block_size":8000000000,"actual_block_size":8000000000,"queue_depth":3},"filename":"/home/runner/work/xet-core/xet-core/xet_data/src/file_reconstruction/reconstruction_terms/manager.rs","line_number":277}
{"timestamp":"2026-09-07T19:17:44.965659Z","level":"INFO","fields":{"message":"Received block of file terms from prefetch queue","file_hash":"6f87d3bff66602a9611e541180dec950a6b6a9068ca274ee43ac8f83550f0223","domain":"us.aws.cdn.hf.co","block_start":768000000,"block_end":1024000000,"block_size":53},"filename":"/home/runner/work/xet-core/xet-core/xet_data/src/file_reconstruction/reconstruction_terms/manager.rs","line_number":156}
{"timestamp":"2026-09-07T19:17:44.965796Z","level":"INFO","fields":{"message":"Starting get_reconstruction API call","call_id":8,"file_id":"6f87d3bff66602a9611e541180dec950a6b6a9068ca274ee43ac8f83550f0223","bytes_range":"Some(Range { start: 9024000000, end: 17024000000 })","api_version":"v2"},"filename":"/home/runner/work/xet-core/xet-core/xet_client/src/cas_client/remote_client.rs","line_number":214}
{"timestamp":"2026-09-07T19:17:44.965824Z","level":"INFO","fields":{"message":"Retry strategy","retry":"RetryWrapper { max_attempts: 5, base_delay: 3s, max_duration: 360s, no_retry_on_429: false, retry_on_403: false, expected_416: true, expected_404: false, log_errors_as_info: false, api_tag: \"cas::get_reconstruction_v2\", has_connection_permit: false }"},"filename":"/home/runner/work/xet-core/xet-core/xet_client/src/cas_client/retry_wrapper.rs","line_number":274}
{"timestamp":"2026-09-07T19:17:44.965842Z","level":"INFO","fields":{"message":"Updated completion rate estimate based on previous block completion time (seconds).","file_hash":"6f87d3bff66602a9611e541180dec950a6b6a9068ca274ee43ac8f83550f0223","block_start":768000000,"block_end":1024000000,"block_size":256000000,"completion_time":0.000183362},"filename":"/home/runner/work/xet-core/xet-core/xet_data/src/file_reconstruction/reconstruction_terms/manager.rs","line_number":109}
{"timestamp":"2026-09-07T19:17:44.965851Z","level":"INFO","fields":{"message":"Scheduling prefetch block","file_hash":"6f87d3bff66602a9611e541180dec950a6b6a9068ca274ee43ac8f83550f0223","prefetch_range":"(17024000000, 25024000000)","requested_block_size":8000000000,"actual_block_size":8000000000,"queue_depth":3},"filename":"/home/runner/work/xet-core/xet-core/xet_data/src/file_reconstruction/reconstruction_terms/manager.rs","line_number":277}
{"timestamp":"2026-09-07T19:17:44.965870Z","level":"INFO","fields":{"message":"Starting get_reconstruction API call","call_id":9,"file_id":"6f87d3bff66602a9611e541180dec950a6b6a9068ca274ee43ac8f83550f0223","bytes_range":"Some(Range { start: 17024000000, end: 25024000000 })","api_version":"v2"},"filename":"/home/runner/work/xet-core/xet-core/xet_client/src/cas_client/remote_client.rs","line_number":214}
{"timestamp":"2026-09-07T19:17:44.965880Z","level":"INFO","fields":{"message":"Retry strategy","retry":"RetryWrapper { max_attempts: 5, base_delay: 3s, max_duration: 360s, no_retry_on_429: false, retry_on_403: false, expected_416: true, expected_404: false, log_errors_as_info: false, api_tag: \"cas::get_reconstruction_v2\", has_connection_permit: false }"},"filename":"/home/runner/work/xet-core/xet-core/xet_client/src/cas_client/retry_wrapper.rs","line_number":274}
{"timestamp":"2026-09-07T19:17:44.977743Z","level":"INFO","fields":{"message":"Received CAS response","request_id":"01M1YMW5VRN6VR8D37MZ5YPE0B","status_code":206},"filename":"/home/runner/work/xet-core/xet-core/xet_client/src/common/http_client.rs","line_number":288}
{"timestamp":"2026-09-07T19:17:44.977771Z","level":"INFO","fields":{"message":"Request Success: s3::get_range api call succeeded (request id 01M1YMW5VRN6VR8D37MZ5YPE0B)."},"filename":"/home/runner/work/xet-core/xet-core/xet_client/src/cas_client/retry_wrapper.rs","line_number":237}
{"timestamp":"2026-09-07T19:17:44.977881Z","level":"INFO","fields":{"message":"Received CAS response","request_id":"01M1YMW5VNBT8KXCKAPFWZCHEF","status_code":206},"filename":"/home/runner/work/xet-core/xet-core/xet_client/src/common/http_client.rs","line_number":288}
{"timestamp":"2026-09-07T19:17:44.977888Z","level":"INFO","fields":{"message":"Request Success: s3::get_range api call succeeded (request id 01M1YMW5VNBT8KXCKAPFWZCHEF)."},"filename":"/home/runner/work/xet-core/xet-core/xet_client/src/cas_client/retry_wrapper.rs","line_number":237}
{"timestamp":"2026-09-07T19:17:44.982639Z","level":"INFO","fields":{"message":"Received CAS response","request_id":"01M1YMW5VY0EH7RXJ5X9XFHTH8","status_code":206},"filename":"/home/runner/work/xet-core/xet-core/xet_client/src/common/http_client.rs","line_number":288}
{"timestamp":"2026-09-07T19:17:44.982663Z","level":"INFO","fields":{"message":"Request Success: s3::get_range api call succeeded (request id 01M1YMW5VY0EH7RXJ5X9XFHTH8)."},"filename":"/home/runner/work/xet-core/xet-core/xet_client/src/cas_client/retry_wrapper.rs","line_number":237}
{"timestamp":"2026-09-07T19:17:44.982783Z","level":"INFO","fields":{"message":"Received CAS response","request_id":"01M1YMW5VRAE7HA2C0EWCG4MK6","status_code":206},"filename":"/home/runner/work/xet-core/xet-core/xet_client/src/common/http_client.rs","line_number":288}
{"timestamp":"2026-09-07T19:17:44.982804Z","level":"INFO","fields":{"message":"Request Success: s3::get_range api call succeeded (request id 01M1YMW5VRAE7HA2C0EWCG4MK6)."},"filename":"/home/runner/work/xet-core/xet-core/xet_client/src/cas_client/retry_wrapper.rs","line_number":237}
{"timestamp":"2026-09-07T19:17:45.069456Z","level":"INFO","fields":{"message":"Received CAS response","request_id":"01M1YMW5THMMF9793GWB9B1B2R","status_code":200},"filename":"/home/runner/work/xet-core/xet-core/xet_client/src/common/http_client.rs","line_number":288}
{"timestamp":"2026-09-07T19:17:45.069591Z","level":"INFO","fields":{"message":"Request Success: cas::get_reconstruction_v2 api call succeeded (request id 01M1YMW5THMMF9793GWB9B1B2R)."},"filename":"/home/runner/work/xet-core/xet-core/xet_client/src/cas_client/retry_wrapper.rs","line_number":237}
{"timestamp":"2026-09-07T19:17:45.077816Z","level":"INFO","fields":{"message":"Received CAS response","request_id":"01M1YMW5XV0PTTEH1NK7MNEMRP","status_code":416},"filename":"/home/runner/work/xet-core/xet-core/xet_client/src/common/http_client.rs","line_number":288}
{"timestamp":"2026-09-07T19:17:45.077844Z","level":"INFO","fields":{"message":"Reached end of reconstruction 416 (Range Not Satisfiable): \"cas::get_reconstruction_v2\" api call failed (request id 01M1YMW5XV0PTTEH1NK7MNEMRP): HTTP status client error (416 Range Not Satisfiable) for url (https://cas-server.xethub.hf.co/v2/reconstructions/6f87d3bff66602a9611e541180dec950a6b6a9068ca274ee43ac8f83550f0223)"},"filename":"/home/runner/work/xet-core/xet-core/xet_client/src/cas_client/retry_wrapper.rs","line_number":189}
{"timestamp":"2026-09-07T19:17:45.079066Z","level":"INFO","fields":{"message":"Received CAS response","request_id":"01M1YMW5XXSP1ENETEZR6378W2","status_code":416},"filename":"/home/runner/work/xet-core/xet-core/xet_client/src/common/http_client.rs","line_number":288}
{"timestamp":"2026-09-07T19:17:45.079094Z","level":"INFO","fields":{"message":"Reached end of reconstruction 416 (Range Not Satisfiable): \"cas::get_reconstruction_v2\" api call failed (request id 01M1YMW5XXSP1ENETEZR6378W2): HTTP status client error (416 Range Not Satisfiable) for url (https://cas-server.xethub.hf.co/v2/reconstructions/6f87d3bff66602a9611e541180dec950a6b6a9068ca274ee43ac8f83550f0223)"},"filename":"/home/runner/work/xet-core/xet-core/xet_client/src/cas_client/retry_wrapper.rs","line_number":189}
{"timestamp":"2026-09-07T19:17:45.169188Z","level":"INFO","fields":{"message":"Completed get_reconstruction API call","call_id":7,"file_id":"6f87d3bff66602a9611e541180dec950a6b6a9068ca274ee43ac8f83550f0223","bytes_range":"Some(Range { start: 1024000000, end: 9024000000 })","api_version":"v2"},"filename":"/home/runner/work/xet-core/xet-core/xet_client/src/cas_client/remote_client.rs","line_number":238}
{"timestamp":"2026-09-07T19:17:45.169337Z","level":"INFO","fields":{"message":"Received block of file terms from prefetch queue","file_hash":"6f87d3bff66602a9611e541180dec950a6b6a9068ca274ee43ac8f83550f0223","domain":"us.aws.cdn.hf.co","block_start":1024000000,"block_end":1503300328,"block_size":91},"filename":"/home/runner/work/xet-core/xet-core/xet_data/src/file_reconstruction/reconstruction_terms/manager.rs","line_number":156}
{"timestamp":"2026-09-07T19:17:45.169709Z","level":"INFO","fields":{"message":"Updated completion rate estimate based on previous block completion time (seconds).","file_hash":"6f87d3bff66602a9611e541180dec950a6b6a9068ca274ee43ac8f83550f0223","block_start":1024000000,"block_end":1503300328,"block_size":479300328,"completion_time":0.000370538},"filename":"/home/runner/work/xet-core/xet-core/xet_data/src/file_reconstruction/reconstruction_terms/manager.rs","line_number":109}
{"timestamp":"2026-09-07T19:17:45.169721Z","level":"INFO","fields":{"message":"Completed prefetch queue; end of file reached.","file_hash":"6f87d3bff66602a9611e541180dec950a6b6a9068ca274ee43ac8f83550f0223","prefetched_byte_position":25024000000},"filename":"/home/runner/work/xet-core/xet-core/xet_data/src/file_reconstruction/reconstruction_terms/manager.rs","line_number":183}
{"timestamp":"2026-09-07T19:17:45.169728Z","level":"INFO","fields":{"message":"All term blocks received and scheduled for writing","file_hash":"6f87d3bff66602a9611e541180dec950a6b6a9068ca274ee43ac8f83550f0223","block_count":4,"total_terms_processed":186,"total_bytes_scheduled":1503300328},"filename":"/home/runner/work/xet-core/xet-core/xet_data/src/file_reconstruction/run_state.rs","line_number":150}
{"timestamp":"2026-09-07T19:17:45.431718Z","level":"INFO","fields":{"message":"Concurrency control for download: Increased concurrency from 4 to 5; reason: success ratio 1.000 is above threshold 0.800 and predicted RTT for 61MB at new concurrency is 9.26s < target 60.0s"},"filename":"/home/runner/work/xet-core/xet-core/xet_client/src/cas_client/adaptive_concurrency/controller.rs","line_number":548}
{"timestamp":"2026-09-07T19:17:45.431769Z","level":"INFO","fields":{"message":"Retry strategy","retry":"RetryWrapper { max_attempts: 5, base_delay: 3s, max_duration: 360s, no_retry_on_429: false, retry_on_403: true, expected_416: false, expected_404: false, log_errors_as_info: false, api_tag: \"s3::get_range\", has_connection_permit: true }"},"filename":"/home/runner/work/xet-core/xet-core/xet_client/src/cas_client/retry_wrapper.rs","line_number":274}
{"timestamp":"2026-09-07T19:17:45.612165Z","level":"INFO","fields":{"message":"Received CAS response","request_id":"01M1YMW6DVE4BM9MBQD26FDCFR","status_code":206},"filename":"/home/runner/work/xet-core/xet-core/xet_client/src/common/http_client.rs","line_number":288}
{"timestamp":"2026-09-07T19:17:45.612177Z","level":"INFO","fields":{"message":"Request Success: s3::get_range api call succeeded (request id 01M1YMW6DVE4BM9MBQD26FDCFR)."},"filename":"/home/runner/work/xet-core/xet-core/xet_client/src/cas_client/retry_wrapper.rs","line_number":237}
{"timestamp":"2026-09-07T19:17:45.628297Z","level":"INFO","fields":{"message":"Retry strategy","retry":"RetryWrapper { max_attempts: 5, base_delay: 3s, max_duration: 360s, no_retry_on_429: false, retry_on_403: true, expected_416: false, expected_404: false, log_errors_as_info: false, api_tag: \"s3::get_range\", has_connection_permit: true }"},"filename":"/home/runner/work/xet-core/xet-core/xet_client/src/cas_client/retry_wrapper.rs","line_number":274}
{"timestamp":"2026-09-07T19:17:45.716081Z","level":"INFO","fields":{"message":"Received CAS response","request_id":"01M1YMW6HC6J833FMZVD6D73JA","status_code":206},"filename":"/home/runner/work/xet-core/xet-core/xet_client/src/common/http_client.rs","line_number":288}
{"timestamp":"2026-09-07T19:17:45.716111Z","level":"INFO","fields":{"message":"Request Success: s3::get_range api call succeeded (request id 01M1YMW6HC6J833FMZVD6D73JA)."},"filename":"/home/runner/work/xet-core/xet-core/xet_client/src/cas_client/retry_wrapper.rs","line_number":237}
{"timestamp":"2026-09-07T19:17:46.028158Z","level":"INFO","fields":{"message":"Concurrency control for download: Increased concurrency from 5 to 6; reason: success ratio 1.000 is above threshold 0.800 and predicted RTT for 61MB at new concurrency is 4.41s < target 60.0s"},"filename":"/home/runner/work/xet-core/xet-core/xet_client/src/cas_client/adaptive_concurrency/controller.rs","line_number":548}
{"timestamp":"2026-09-07T19:17:46.028202Z","level":"INFO","fields":{"message":"Retry strategy","retry":"RetryWrapper { max_attempts: 5, base_delay: 3s, max_duration: 360s, no_retry_on_429: false, retry_on_403: true, expected_416: false, expected_404: false, log_errors_as_info: false, api_tag: \"s3::get_range\", has_connection_permit: true }"},"filename":"/home/runner/work/xet-core/xet-core/xet_client/src/cas_client/retry_wrapper.rs","line_number":274}
{"timestamp":"2026-09-07T19:17:46.240618Z","level":"INFO","fields":{"message":"Retry strategy","retry":"RetryWrapper { max_attempts: 5, base_delay: 3s, max_duration: 360s, no_retry_on_429: false, retry_on_403: true, expected_416: false, expected_404: false, log_errors_as_info: false, api_tag: \"s3::get_range\", has_connection_permit: true }"},"filename":"/home/runner/work/xet-core/xet-core/xet_client/src/cas_client/retry_wrapper.rs","line_number":274}
{"timestamp":"2026-09-07T19:17:46.299465Z","level":"INFO","fields":{"message":"Received CAS response","request_id":"01M1YMW73S6BWHAZ516W390ANN","status_code":206},"filename":"/home/runner/work/xet-core/xet-core/xet_client/src/common/http_client.rs","line_number":288}
{"timestamp":"2026-09-07T19:17:46.299477Z","level":"INFO","fields":{"message":"Request Success: s3::get_range api call succeeded (request id 01M1YMW73S6BWHAZ516W390ANN)."},"filename":"/home/runner/work/xet-core/xet-core/xet_client/src/cas_client/retry_wrapper.rs","line_number":237}
{"timestamp":"2026-09-07T19:17:46.311857Z","level":"INFO","fields":{"message":"Received CAS response","request_id":"01M1YMW74FRXAV84E850Y2991S","status_code":206},"filename":"/home/runner/work/xet-core/xet-core/xet_client/src/common/http_client.rs","line_number":288}
{"timestamp":"2026-09-07T19:17:46.311869Z","level":"INFO","fields":{"message":"Request Success: s3::get_range api call succeeded (request id 01M1YMW74FRXAV84E850Y2991S)."},"filename":"/home/runner/work/xet-core/xet-core/xet_client/src/cas_client/retry_wrapper.rs","line_number":237}
{"timestamp":"2026-09-07T19:17:46.590441Z","level":"INFO","fields":{"message":"Concurrency control for download: Increased concurrency from 6 to 7; reason: success ratio 1.000 is above threshold 0.800 and predicted RTT for 61MB at new concurrency is 3.45s < target 60.0s"},"filename":"/home/runner/work/xet-core/xet-core/xet_client/src/cas_client/adaptive_concurrency/controller.rs","line_number":548}
{"timestamp":"2026-09-07T19:17:46.590468Z","level":"INFO","fields":{"message":"Retry strategy","retry":"RetryWrapper { max_attempts: 5, base_delay: 3s, max_duration: 360s, no_retry_on_429: false, retry_on_403: true, expected_416: false, expected_404: false, log_errors_as_info: false, api_tag: \"s3::get_range\", has_connection_permit: true }"},"filename":"/home/runner/work/xet-core/xet-core/xet_client/src/cas_client/retry_wrapper.rs","line_number":274}
{"timestamp":"2026-09-07T19:17:46.590475Z","level":"INFO","fields":{"message":"Retry strategy","retry":"RetryWrapper { max_attempts: 5, base_delay: 3s, max_duration: 360s, no_retry_on_429: false, retry_on_403: true, expected_416: false, expected_404: false, log_errors_as_info: false, api_tag: \"s3::get_range\", has_connection_permit: true }"},"filename":"/home/runner/work/xet-core/xet-core/xet_client/src/cas_client/retry_wrapper.rs","line_number":274}
{"timestamp":"2026-09-07T19:17:46.654977Z","level":"INFO","fields":{"message":"Received CAS response","request_id":"01M1YMW7FCD8HGJNDDW1C9MQ57","status_code":206},"filename":"/home/runner/work/xet-core/xet-core/xet_client/src/common/http_client.rs","line_number":288}
{"timestamp":"2026-09-07T19:17:46.654988Z","level":"INFO","fields":{"message":"Request Success: s3::get_range api call succeeded (request id 01M1YMW7FCD8HGJNDDW1C9MQ57)."},"filename":"/home/runner/work/xet-core/xet-core/xet_client/src/cas_client/retry_wrapper.rs","line_number":237}
{"timestamp":"2026-09-07T19:17:46.803904Z","level":"INFO","fields":{"message":"Received CAS response","request_id":"01M1YMW7K2PK3DNWW449QEXP3P","status_code":206},"filename":"/home/runner/work/xet-core/xet-core/xet_client/src/common/http_client.rs","line_number":288}
{"timestamp":"2026-09-07T19:17:46.803915Z","level":"INFO","fields":{"message":"Request Success: s3::get_range api call succeeded (request id 01M1YMW7K2PK3DNWW449QEXP3P)."},"filename":"/home/runner/work/xet-core/xet-core/xet_client/src/cas_client/retry_wrapper.rs","line_number":237}
{"timestamp":"2026-09-07T19:17:47.020205Z","level":"INFO","fields":{"message":"Retry strategy","retry":"RetryWrapper { max_attempts: 5, base_delay: 3s, max_duration: 360s, no_retry_on_429: false, retry_on_403: true, expected_416: false, expected_404: false, log_errors_as_info: false, api_tag: \"s3::get_range\", has_connection_permit: true }"},"filename":"/home/runner/work/xet-core/xet-core/xet_client/src/cas_client/retry_wrapper.rs","line_number":274}
{"timestamp":"2026-09-07T19:17:47.094890Z","level":"INFO","fields":{"message":"Concurrency control for download: Increased concurrency from 7 to 8; reason: success ratio 1.000 is above threshold 0.800 and predicted RTT for 61MB at new concurrency is 4.40s < target 60.0s"},"filename":"/home/runner/work/xet-core/xet-core/xet_client/src/cas_client/adaptive_concurrency/controller.rs","line_number":548}
{"timestamp":"2026-09-07T19:17:47.094936Z","level":"INFO","fields":{"message":"Retry strategy","retry":"RetryWrapper { max_attempts: 5, base_delay: 3s, max_duration: 360s, no_retry_on_429: false, retry_on_403: true, expected_416: false, expected_404: false, log_errors_as_info: false, api_tag: \"s3::get_range\", has_connection_permit: true }"},"filename":"/home/runner/work/xet-core/xet-core/xet_client/src/cas_client/retry_wrapper.rs","line_number":274}
{"timestamp":"2026-09-07T19:17:47.120841Z","level":"INFO","fields":{"message":"Received CAS response","request_id":"01M1YMW7WTJPXCE9B9Y6D1YZS7","status_code":206},"filename":"/home/runner/work/xet-core/xet-core/xet_client/src/common/http_client.rs","line_number":288}
{"timestamp":"2026-09-07T19:17:47.120852Z","level":"INFO","fields":{"message":"Request Success: s3::get_range api call succeeded (request id 01M1YMW7WTJPXCE9B9Y6D1YZS7)."},"filename":"/home/runner/work/xet-core/xet-core/xet_client/src/cas_client/retry_wrapper.rs","line_number":237}
{"timestamp":"2026-09-07T19:17:47.418944Z","level":"INFO","fields":{"message":"Received CAS response","request_id":"01M1YMW86HHZPG860CY1T2C0ZJ","status_code":206},"filename":"/home/runner/work/xet-core/xet-core/xet_client/src/common/http_client.rs","line_number":288}
{"timestamp":"2026-09-07T19:17:47.418960Z","level":"INFO","fields":{"message":"Request Success: s3::get_range api call succeeded (request id 01M1YMW86HHZPG860CY1T2C0ZJ)."},"filename":"/home/runner/work/xet-core/xet-core/xet_client/src/cas_client/retry_wrapper.rs","line_number":237}
{"timestamp":"2026-09-07T19:17:47.632160Z","level":"INFO","fields":{"message":"Concurrency control for download: Increased concurrency from 8 to 9; reason: success ratio 1.000 is above threshold 0.800 and predicted RTT for 61MB at new concurrency is 4.76s < target 60.0s"},"filename":"/home/runner/work/xet-core/xet-core/xet_client/src/cas_client/adaptive_concurrency/controller.rs","line_number":548}
{"timestamp":"2026-09-07T19:17:47.632180Z","level":"INFO","fields":{"message":"Retry strategy","retry":"RetryWrapper { max_attempts: 5, base_delay: 3s, max_duration: 360s, no_retry_on_429: false, retry_on_403: true, expected_416: false, expected_404: false, log_errors_as_info: false, api_tag: \"s3::get_range\", has_connection_permit: true }"},"filename":"/home/runner/work/xet-core/xet-core/xet_client/src/cas_client/retry_wrapper.rs","line_number":274}
{"timestamp":"2026-09-07T19:17:47.714812Z","level":"INFO","fields":{"message":"Retry strategy","retry":"RetryWrapper { max_attempts: 5, base_delay: 3s, max_duration: 360s, no_retry_on_429: false, retry_on_403: true, expected_416: false, expected_404: false, log_errors_as_info: false, api_tag: \"s3::get_range\", has_connection_permit: true }"},"filename":"/home/runner/work/xet-core/xet-core/xet_client/src/cas_client/retry_wrapper.rs","line_number":274}
{"timestamp":"2026-09-07T19:17:47.800686Z","level":"INFO","fields":{"message":"Received CAS response","request_id":"01M1YMW8JPSF0GPA83A6R82WYN","status_code":206},"filename":"/home/runner/work/xet-core/xet-core/xet_client/src/common/http_client.rs","line_number":288}
{"timestamp":"2026-09-07T19:17:47.800707Z","level":"INFO","fields":{"message":"Request Success: s3::get_range api call succeeded (request id 01M1YMW8JPSF0GPA83A6R82WYN)."},"filename":"/home/runner/work/xet-core/xet-core/xet_client/src/cas_client/retry_wrapper.rs","line_number":237}
{"timestamp":"2026-09-07T19:17:47.817663Z","level":"INFO","fields":{"message":"Retry strategy","retry":"RetryWrapper { max_attempts: 5, base_delay: 3s, max_duration: 360s, no_retry_on_429: false, retry_on_403: true, expected_416: false, expected_404: false, log_errors_as_info: false, api_tag: \"s3::get_range\", has_connection_permit: true }"},"filename":"/home/runner/work/xet-core/xet-core/xet_client/src/cas_client/retry_wrapper.rs","line_number":274}
{"timestamp":"2026-09-07T19:17:47.888877Z","level":"INFO","fields":{"message":"Received CAS response","request_id":"01M1YMW8MPTE76BSSPE8B43S6X","status_code":206},"filename":"/home/runner/work/xet-core/xet-core/xet_client/src/common/http_client.rs","line_number":288}
{"timestamp":"2026-09-07T19:17:47.888913Z","level":"INFO","fields":{"message":"Request Success: s3::get_range api call succeeded (request id 01M1YMW8MPTE76BSSPE8B43S6X)."},"filename":"/home/runner/work/xet-core/xet-core/xet_client/src/cas_client/retry_wrapper.rs","line_number":237}
{"timestamp":"2026-09-07T19:17:47.927866Z","level":"INFO","fields":{"message":"Received CAS response","request_id":"01M1YMW8NS740NSDBX7RP04XC3","status_code":206},"filename":"/home/runner/work/xet-core/xet-core/xet_client/src/common/http_client.rs","line_number":288}
{"timestamp":"2026-09-07T19:17:47.927884Z","level":"INFO","fields":{"message":"Request Success: s3::get_range api call succeeded (request id 01M1YMW8NS740NSDBX7RP04XC3)."},"filename":"/home/runner/work/xet-core/xet-core/xet_client/src/cas_client/retry_wrapper.rs","line_number":237}
{"timestamp":"2026-09-07T19:17:48.061198Z","level":"INFO","fields":{"message":"Retry strategy","retry":"RetryWrapper { max_attempts: 5, base_delay: 3s, max_duration: 360s, no_retry_on_429: false, retry_on_403: true, expected_416: false, expected_404: false, log_errors_as_info: false, api_tag: \"s3::get_range\", has_connection_permit: true }"},"filename":"/home/runner/work/xet-core/xet-core/xet_client/src/cas_client/retry_wrapper.rs","line_number":274}
{"timestamp":"2026-09-07T19:17:48.142453Z","level":"INFO","fields":{"message":"Concurrency control for download: Increased concurrency from 9 to 10; reason: success ratio 1.000 is above threshold 0.800 and predicted RTT for 61MB at new concurrency is 4.38s < target 60.0s"},"filename":"/home/runner/work/xet-core/xet-core/xet_client/src/cas_client/adaptive_concurrency/controller.rs","line_number":548}
{"timestamp":"2026-09-07T19:17:48.142494Z","level":"INFO","fields":{"message":"Retry strategy","retry":"RetryWrapper { max_attempts: 5, base_delay: 3s, max_duration: 360s, no_retry_on_429: false, retry_on_403: true, expected_416: false, expected_404: false, log_errors_as_info: false, api_tag: \"s3::get_range\", has_connection_permit: true }"},"filename":"/home/runner/work/xet-core/xet-core/xet_client/src/cas_client/retry_wrapper.rs","line_number":274}
{"timestamp":"2026-09-07T19:17:48.177238Z","level":"INFO","fields":{"message":"Received CAS response","request_id":"01M1YMW8XFP420SQMHHRNK627T","status_code":206},"filename":"/home/runner/work/xet-core/xet-core/xet_client/src/common/http_client.rs","line_number":288}
{"timestamp":"2026-09-07T19:17:48.177264Z","level":"INFO","fields":{"message":"Request Success: s3::get_range api call succeeded (request id 01M1YMW8XFP420SQMHHRNK627T)."},"filename":"/home/runner/work/xet-core/xet-core/xet_client/src/cas_client/retry_wrapper.rs","line_number":237}
{"timestamp":"2026-09-07T19:17:48.177765Z","level":"INFO","fields":{"message":"Retry strategy","retry":"RetryWrapper { max_attempts: 5, base_delay: 3s, max_duration: 360s, no_retry_on_429: false, retry_on_403: true, expected_416: false, expected_404: false, log_errors_as_info: false, api_tag: \"s3::get_range\", has_connection_permit: true }"},"filename":"/home/runner/work/xet-core/xet-core/xet_client/src/cas_client/retry_wrapper.rs","line_number":274}
{"timestamp":"2026-09-07T19:17:48.205584Z","level":"INFO","fields":{"message":"Retry strategy","retry":"RetryWrapper { max_attempts: 5, base_delay: 3s, max_duration: 360s, no_retry_on_429: false, retry_on_403: true, expected_416: false, expected_404: false, log_errors_as_info: false, api_tag: \"s3::get_range\", has_connection_permit: true }"},"filename":"/home/runner/work/xet-core/xet-core/xet_client/src/cas_client/retry_wrapper.rs","line_number":274}
{"timestamp":"2026-09-07T19:17:48.259461Z","level":"INFO","fields":{"message":"Received CAS response","request_id":"01M1YMW8ZYHJ67HJRDJWZ32JK3","status_code":206},"filename":"/home/runner/work/xet-core/xet-core/xet_client/src/common/http_client.rs","line_number":288}
{"timestamp":"2026-09-07T19:17:48.259504Z","level":"INFO","fields":{"message":"Request Success: s3::get_range api call succeeded (request id 01M1YMW8ZYHJ67HJRDJWZ32JK3)."},"filename":"/home/runner/work/xet-core/xet-core/xet_client/src/cas_client/retry_wrapper.rs","line_number":237}
{"timestamp":"2026-09-07T19:17:48.299393Z","level":"INFO","fields":{"message":"Received CAS response","request_id":"01M1YMW90Z8VNR177Y8E87ZQ9G","status_code":206},"filename":"/home/runner/work/xet-core/xet-core/xet_client/src/common/http_client.rs","line_number":288}
{"timestamp":"2026-09-07T19:17:48.299417Z","level":"INFO","fields":{"message":"Request Success: s3::get_range api call succeeded (request id 01M1YMW90Z8VNR177Y8E87ZQ9G)."},"filename":"/home/runner/work/xet-core/xet-core/xet_client/src/cas_client/retry_wrapper.rs","line_number":237}
{"timestamp":"2026-09-07T19:17:48.318871Z","level":"INFO","fields":{"message":"Received CAS response","request_id":"01M1YMW91WQ1VJW7K8Q3NVANAZ","status_code":206},"filename":"/home/runner/work/xet-core/xet-core/xet_client/src/common/http_client.rs","line_number":288}
{"timestamp":"2026-09-07T19:17:48.318891Z","level":"INFO","fields":{"message":"Request Success: s3::get_range api call succeeded (request id 01M1YMW91WQ1VJW7K8Q3NVANAZ)."},"filename":"/home/runner/work/xet-core/xet-core/xet_client/src/cas_client/retry_wrapper.rs","line_number":237}
{"timestamp":"2026-09-07T19:17:48.698311Z","level":"INFO","fields":{"message":"Concurrency control for download: Increased concurrency from 10 to 11; reason: success ratio 1.000 is above threshold 0.800 and predicted RTT for 61MB at new concurrency is 4.21s < target 60.0s"},"filename":"/home/runner/work/xet-core/xet-core/xet_client/src/cas_client/adaptive_concurrency/controller.rs","line_number":548}
{"timestamp":"2026-09-07T19:17:48.698387Z","level":"INFO","fields":{"message":"Retry strategy","retry":"RetryWrapper { max_attempts: 5, base_delay: 3s, max_duration: 360s, no_retry_on_429: false, retry_on_403: true, expected_416: false, expected_404: false, log_errors_as_info: false, api_tag: \"s3::get_range\", has_connection_permit: true }"},"filename":"/home/runner/work/xet-core/xet-core/xet_client/src/cas_client/retry_wrapper.rs","line_number":274}
{"timestamp":"2026-09-07T19:17:48.698394Z","level":"INFO","fields":{"message":"Retry strategy","retry":"RetryWrapper { max_attempts: 5, base_delay: 3s, max_duration: 360s, no_retry_on_429: false, retry_on_403: true, expected_416: false, expected_404: false, log_errors_as_info: false, api_tag: \"s3::get_range\", has_connection_permit: true }"},"filename":"/home/runner/work/xet-core/xet-core/xet_client/src/cas_client/retry_wrapper.rs","line_number":274}
{"timestamp":"2026-09-07T19:17:48.738676Z","level":"INFO","fields":{"message":"Retry strategy","retry":"RetryWrapper { max_attempts: 5, base_delay: 3s, max_duration: 360s, no_retry_on_429: false, retry_on_403: true, expected_416: false, expected_404: false, log_errors_as_info: false, api_tag: \"s3::get_range\", has_connection_permit: true }"},"filename":"/home/runner/work/xet-core/xet-core/xet_client/src/cas_client/retry_wrapper.rs","line_number":274}
{"timestamp":"2026-09-07T19:17:48.755866Z","level":"INFO","fields":{"message":"Retry strategy","retry":"RetryWrapper { max_attempts: 5, base_delay: 3s, max_duration: 360s, no_retry_on_429: false, retry_on_403: true, expected_416: false, expected_404: false, log_errors_as_info: false, api_tag: \"s3::get_range\", has_connection_permit: true }"},"filename":"/home/runner/work/xet-core/xet-core/xet_client/src/cas_client/retry_wrapper.rs","line_number":274}
{"timestamp":"2026-09-07T19:17:48.767737Z","level":"INFO","fields":{"message":"Retry strategy","retry":"RetryWrapper { max_attempts: 5, base_delay: 3s, max_duration: 360s, no_retry_on_429: false, retry_on_403: true, expected_416: false, expected_404: false, log_errors_as_info: false, api_tag: \"s3::get_range\", has_connection_permit: true }"},"filename":"/home/runner/work/xet-core/xet-core/xet_client/src/cas_client/retry_wrapper.rs","line_number":274}
{"timestamp":"2026-09-07T19:17:48.791289Z","level":"INFO","fields":{"message":"Received CAS response","request_id":"01M1YMW9H9Q2HTP2BR5TZA9S94","status_code":206},"filename":"/home/runner/work/xet-core/xet-core/xet_client/src/common/http_client.rs","line_number":288}
{"timestamp":"2026-09-07T19:17:48.791307Z","level":"INFO","fields":{"message":"Request Success: s3::get_range api call succeeded (request id 01M1YMW9H9Q2HTP2BR5TZA9S94)."},"filename":"/home/runner/work/xet-core/xet-core/xet_client/src/cas_client/retry_wrapper.rs","line_number":237}
{"timestamp":"2026-09-07T19:17:48.813761Z","level":"INFO","fields":{"message":"Received CAS response","request_id":"01M1YMW9JGDRVYCJHNDXP8ADR4","status_code":206},"filename":"/home/runner/work/xet-core/xet-core/xet_client/src/common/http_client.rs","line_number":288}
{"timestamp":"2026-09-07T19:17:48.813784Z","level":"INFO","fields":{"message":"Request Success: s3::get_range api call succeeded (request id 01M1YMW9JGDRVYCJHNDXP8ADR4)."},"filename":"/home/runner/work/xet-core/xet-core/xet_client/src/cas_client/retry_wrapper.rs","line_number":237}
{"timestamp":"2026-09-07T19:17:48.831280Z","level":"INFO","fields":{"message":"Received CAS response","request_id":"01M1YMW9K18DBEH04ASQVV5F75","status_code":206},"filename":"/home/runner/work/xet-core/xet-core/xet_client/src/common/http_client.rs","line_number":288}
{"timestamp":"2026-09-07T19:17:48.831303Z","level":"INFO","fields":{"message":"Request Success: s3::get_range api call succeeded (request id 01M1YMW9K18DBEH04ASQVV5F75)."},"filename":"/home/runner/work/xet-core/xet-core/xet_client/src/cas_client/retry_wrapper.rs","line_number":237}
{"timestamp":"2026-09-07T19:17:48.848941Z","level":"INFO","fields":{"message":"Received CAS response","request_id":"01M1YMW9KDQEKJ7BN1FEHBJ33J","status_code":206},"filename":"/home/runner/work/xet-core/xet-core/xet_client/src/common/http_client.rs","line_number":288}
{"timestamp":"2026-09-07T19:17:48.848955Z","level":"INFO","fields":{"message":"Request Success: s3::get_range api call succeeded (request id 01M1YMW9KDQEKJ7BN1FEHBJ33J)."},"filename":"/home/runner/work/xet-core/xet-core/xet_client/src/cas_client/retry_wrapper.rs","line_number":237}
{"timestamp":"2026-09-07T19:17:48.913835Z","level":"INFO","fields":{"message":"Retry strategy","retry":"RetryWrapper { max_attempts: 5, base_delay: 3s, max_duration: 360s, no_retry_on_429: false, retry_on_403: true, expected_416: false, expected_404: false, log_errors_as_info: false, api_tag: \"s3::get_range\", has_connection_permit: true }"},"filename":"/home/runner/work/xet-core/xet-core/xet_client/src/cas_client/retry_wrapper.rs","line_number":274}
{"timestamp":"2026-09-07T19:17:48.969473Z","level":"INFO","fields":{"message":"Retry strategy","retry":"RetryWrapper { max_attempts: 5, base_delay: 3s, max_duration: 360s, no_retry_on_429: false, retry_on_403: true, expected_416: false, expected_404: false, log_errors_as_info: false, api_tag: \"s3::get_range\", has_connection_permit: true }"},"filename":"/home/runner/work/xet-core/xet-core/xet_client/src/cas_client/retry_wrapper.rs","line_number":274}
{"timestamp":"2026-09-07T19:17:48.987818Z","level":"INFO","fields":{"message":"Received CAS response","request_id":"01M1YMW9PG3GSGY5B1Y4N9EC09","status_code":206},"filename":"/home/runner/work/xet-core/xet-core/xet_client/src/common/http_client.rs","line_number":288}
{"timestamp":"2026-09-07T19:17:48.987836Z","level":"INFO","fields":{"message":"Request Success: s3::get_range api call succeeded (request id 01M1YMW9PG3GSGY5B1Y4N9EC09)."},"filename":"/home/runner/work/xet-core/xet-core/xet_client/src/cas_client/retry_wrapper.rs","line_number":237}
{"timestamp":"2026-09-07T19:17:49.026806Z","level":"INFO","fields":{"message":"Received CAS response","request_id":"01M1YMW9R18GN5E1YB0CXPSV2N","status_code":206},"filename":"/home/runner/work/xet-core/xet-core/xet_client/src/common/http_client.rs","line_number":288}
{"timestamp":"2026-09-07T19:17:49.026830Z","level":"INFO","fields":{"message":"Request Success: s3::get_range api call succeeded (request id 01M1YMW9R18GN5E1YB0CXPSV2N)."},"filename":"/home/runner/work/xet-core/xet-core/xet_client/src/cas_client/retry_wrapper.rs","line_number":237}
{"timestamp":"2026-09-07T19:17:49.097549Z","level":"INFO","fields":{"message":"Received CAS response","request_id":"01M1YMW9SRGZ6K2TWPZ7S32HC7","status_code":206},"filename":"/home/runner/work/xet-core/xet-core/xet_client/src/common/http_client.rs","line_number":288}
{"timestamp":"2026-09-07T19:17:49.097575Z","level":"INFO","fields":{"message":"Request Success: s3::get_range api call succeeded (request id 01M1YMW9SRGZ6K2TWPZ7S32HC7)."},"filename":"/home/runner/work/xet-core/xet-core/xet_client/src/cas_client/retry_wrapper.rs","line_number":237}
{"timestamp":"2026-09-07T19:17:49.198441Z","level":"INFO","fields":{"message":"Concurrency control for download: Increased concurrency from 11 to 12; reason: success ratio 1.000 is above threshold 0.800 and predicted RTT for 61MB at new concurrency is 3.78s < target 60.0s"},"filename":"/home/runner/work/xet-core/xet-core/xet_client/src/cas_client/adaptive_concurrency/controller.rs","line_number":548}
{"timestamp":"2026-09-07T19:17:49.198487Z","level":"INFO","fields":{"message":"Retry strategy","retry":"RetryWrapper { max_attempts: 5, base_delay: 3s, max_duration: 360s, no_retry_on_429: false, retry_on_403: true, expected_416: false, expected_404: false, log_errors_as_info: false, api_tag: \"s3::get_range\", has_connection_permit: true }"},"filename":"/home/runner/work/xet-core/xet-core/xet_client/src/cas_client/retry_wrapper.rs","line_number":274}
{"timestamp":"2026-09-07T19:17:49.252741Z","level":"INFO","fields":{"message":"Retry strategy","retry":"RetryWrapper { max_attempts: 5, base_delay: 3s, max_duration: 360s, no_retry_on_429: false, retry_on_403: true, expected_416: false, expected_404: false, log_errors_as_info: false, api_tag: \"s3::get_range\", has_connection_permit: true }"},"filename":"/home/runner/work/xet-core/xet-core/xet_client/src/cas_client/retry_wrapper.rs","line_number":274}
{"timestamp":"2026-09-07T19:17:49.255287Z","level":"INFO","fields":{"message":"Retry strategy","retry":"RetryWrapper { max_attempts: 5, base_delay: 3s, max_duration: 360s, no_retry_on_429: false, retry_on_403: true, expected_416: false, expected_404: false, log_errors_as_info: false, api_tag: \"s3::get_range\", has_connection_permit: true }"},"filename":"/home/runner/work/xet-core/xet-core/xet_client/src/cas_client/retry_wrapper.rs","line_number":274}
{"timestamp":"2026-09-07T19:17:49.255776Z","level":"INFO","fields":{"message":"Retry strategy","retry":"RetryWrapper { max_attempts: 5, base_delay: 3s, max_duration: 360s, no_retry_on_429: false, retry_on_403: true, expected_416: false, expected_404: false, log_errors_as_info: false, api_tag: \"s3::get_range\", has_connection_permit: true }"},"filename":"/home/runner/work/xet-core/xet-core/xet_client/src/cas_client/retry_wrapper.rs","line_number":274}
{"timestamp":"2026-09-07T19:17:49.293442Z","level":"INFO","fields":{"message":"Received CAS response","request_id":"01M1YMWA0XXSFX35JA378MRN03","status_code":206},"filename":"/home/runner/work/xet-core/xet-core/xet_client/src/common/http_client.rs","line_number":288}
{"timestamp":"2026-09-07T19:17:49.293459Z","level":"INFO","fields":{"message":"Request Success: s3::get_range api call succeeded (request id 01M1YMWA0XXSFX35JA378MRN03)."},"filename":"/home/runner/work/xet-core/xet-core/xet_client/src/cas_client/retry_wrapper.rs","line_number":237}
{"timestamp":"2026-09-07T19:17:49.312069Z","level":"INFO","fields":{"message":"Retry strategy","retry":"RetryWrapper { max_attempts: 5, base_delay: 3s, max_duration: 360s, no_retry_on_429: false, retry_on_403: true, expected_416: false, expected_404: false, log_errors_as_info: false, api_tag: \"s3::get_range\", has_connection_permit: true }"},"filename":"/home/runner/work/xet-core/xet-core/xet_client/src/cas_client/retry_wrapper.rs","line_number":274}
{"timestamp":"2026-09-07T19:17:49.332362Z","level":"INFO","fields":{"message":"Received CAS response","request_id":"01M1YMWA2KR9SX9K5ES9FN15MB","status_code":206},"filename":"/home/runner/work/xet-core/xet-core/xet_client/src/common/http_client.rs","line_number":288}
{"timestamp":"2026-09-07T19:17:49.332388Z","level":"INFO","fields":{"message":"Request Success: s3::get_range api call succeeded (request id 01M1YMWA2KR9SX9K5ES9FN15MB)."},"filename":"/home/runner/work/xet-core/xet-core/xet_client/src/cas_client/retry_wrapper.rs","line_number":237}
{"timestamp":"2026-09-07T19:17:49.343248Z","level":"INFO","fields":{"message":"Received CAS response","request_id":"01M1YMWA2PT2803B4N93T0XZ39","status_code":206},"filename":"/home/runner/work/xet-core/xet-core/xet_client/src/common/http_client.rs","line_number":288}
{"timestamp":"2026-09-07T19:17:49.343266Z","level":"INFO","fields":{"message":"Request Success: s3::get_range api call succeeded (request id 01M1YMWA2PT2803B4N93T0XZ39)."},"filename":"/home/runner/work/xet-core/xet-core/xet_client/src/cas_client/retry_wrapper.rs","line_number":237}
{"timestamp":"2026-09-07T19:17:49.345105Z","level":"INFO","fields":{"message":"Received CAS response","request_id":"01M1YMWA2QRXA5AAW43TF5NAKM","status_code":206},"filename":"/home/runner/work/xet-core/xet-core/xet_client/src/common/http_client.rs","line_number":288}
{"timestamp":"2026-09-07T19:17:49.345121Z","level":"INFO","fields":{"message":"Request Success: s3::get_range api call succeeded (request id 01M1YMWA2QRXA5AAW43TF5NAKM)."},"filename":"/home/runner/work/xet-core/xet-core/xet_client/src/cas_client/retry_wrapper.rs","line_number":237}
{"timestamp":"2026-09-07T19:17:49.554974Z","level":"INFO","fields":{"message":"Received CAS response","request_id":"01M1YMWA4E15EFMFA527SEHA2A","status_code":206},"filename":"/home/runner/work/xet-core/xet-core/xet_client/src/common/http_client.rs","line_number":288}
{"timestamp":"2026-09-07T19:17:49.554994Z","level":"INFO","fields":{"message":"Request Success: s3::get_range api call succeeded (request id 01M1YMWA4E15EFMFA527SEHA2A)."},"filename":"/home/runner/work/xet-core/xet-core/xet_client/src/cas_client/retry_wrapper.rs","line_number":237}
{"timestamp":"2026-09-07T19:17:49.622851Z","level":"INFO","fields":{"message":"Retry strategy","retry":"RetryWrapper { max_attempts: 5, base_delay: 3s, max_duration: 360s, no_retry_on_429: false, retry_on_403: true, expected_416: false, expected_404: false, log_errors_as_info: false, api_tag: \"s3::get_range\", has_connection_permit: true }"},"filename":"/home/runner/work/xet-core/xet-core/xet_client/src/cas_client/retry_wrapper.rs","line_number":274}
{"timestamp":"2026-09-07T19:17:49.630955Z","level":"INFO","fields":{"message":"Retry strategy","retry":"RetryWrapper { max_attempts: 5, base_delay: 3s, max_duration: 360s, no_retry_on_429: false, retry_on_403: true, expected_416: false, expected_404: false, log_errors_as_info: false, api_tag: \"s3::get_range\", has_connection_permit: true }"},"filename":"/home/runner/work/xet-core/xet-core/xet_client/src/cas_client/retry_wrapper.rs","line_number":274}
{"timestamp":"2026-09-07T19:17:49.640998Z","level":"INFO","fields":{"message":"Retry strategy","retry":"RetryWrapper { max_attempts: 5, base_delay: 3s, max_duration: 360s, no_retry_on_429: false, retry_on_403: true, expected_416: false, expected_404: false, log_errors_as_info: false, api_tag: \"s3::get_range\", has_connection_permit: true }"},"filename":"/home/runner/work/xet-core/xet-core/xet_client/src/cas_client/retry_wrapper.rs","line_number":274}
{"timestamp":"2026-09-07T19:17:49.646114Z","level":"INFO","fields":{"message":"Retry strategy","retry":"RetryWrapper { max_attempts: 5, base_delay: 3s, max_duration: 360s, no_retry_on_429: false, retry_on_403: true, expected_416: false, expected_404: false, log_errors_as_info: false, api_tag: \"s3::get_range\", has_connection_permit: true }"},"filename":"/home/runner/work/xet-core/xet-core/xet_client/src/cas_client/retry_wrapper.rs","line_number":274}
{"timestamp":"2026-09-07T19:17:49.658446Z","level":"INFO","fields":{"message":"Retry strategy","retry":"RetryWrapper { max_attempts: 5, base_delay: 3s, max_duration: 360s, no_retry_on_429: false, retry_on_403: true, expected_416: false, expected_404: false, log_errors_as_info: false, api_tag: \"s3::get_range\", has_connection_permit: true }"},"filename":"/home/runner/work/xet-core/xet-core/xet_client/src/cas_client/retry_wrapper.rs","line_number":274}
{"timestamp":"2026-09-07T19:17:49.712643Z","level":"INFO","fields":{"message":"Received CAS response","request_id":"01M1YMWAEDYWECKQ3FRQ9NA2WS","status_code":206},"filename":"/home/runner/work/xet-core/xet-core/xet_client/src/common/http_client.rs","line_number":288}
{"timestamp":"2026-09-07T19:17:49.712659Z","level":"INFO","fields":{"message":"Request Success: s3::get_range api call succeeded (request id 01M1YMWAEDYWECKQ3FRQ9NA2WS)."},"filename":"/home/runner/work/xet-core/xet-core/xet_client/src/cas_client/retry_wrapper.rs","line_number":237}
{"timestamp":"2026-09-07T19:17:49.712703Z","level":"INFO","fields":{"message":"Concurrency control for download: Increased concurrency from 12 to 13; reason: success ratio 1.000 is above threshold 0.800 and predicted RTT for 61MB at new concurrency is 4.00s < target 60.0s"},"filename":"/home/runner/work/xet-core/xet-core/xet_client/src/cas_client/adaptive_concurrency/controller.rs","line_number":548}
{"timestamp":"2026-09-07T19:17:49.712725Z","level":"INFO","fields":{"message":"Retry strategy","retry":"RetryWrapper { max_attempts: 5, base_delay: 3s, max_duration: 360s, no_retry_on_429: false, retry_on_403: true, expected_416: false, expected_404: false, log_errors_as_info: false, api_tag: \"s3::get_range\", has_connection_permit: true }"},"filename":"/home/runner/work/xet-core/xet-core/xet_client/src/cas_client/retry_wrapper.rs","line_number":274}
{"timestamp":"2026-09-07T19:17:49.713210Z","level":"INFO","fields":{"message":"Received CAS response","request_id":"01M1YMWAE5MJBEXC74SSHQGRWM","status_code":206},"filename":"/home/runner/work/xet-core/xet-core/xet_client/src/common/http_client.rs","line_number":288}
{"timestamp":"2026-09-07T19:17:49.713226Z","level":"INFO","fields":{"message":"Request Success: s3::get_range api call succeeded (request id 01M1YMWAE5MJBEXC74SSHQGRWM)."},"filename":"/home/runner/work/xet-core/xet-core/xet_client/src/cas_client/retry_wrapper.rs","line_number":237}
{"timestamp":"2026-09-07T19:17:49.723554Z","level":"INFO","fields":{"message":"Retry strategy","retry":"RetryWrapper { max_attempts: 5, base_delay: 3s, max_duration: 360s, no_retry_on_429: false, retry_on_403: true, expected_416: false, expected_404: false, log_errors_as_info: false, api_tag: \"s3::get_range\", has_connection_permit: true }"},"filename":"/home/runner/work/xet-core/xet-core/xet_client/src/cas_client/retry_wrapper.rs","line_number":274}
{"timestamp":"2026-09-07T19:17:49.728665Z","level":"INFO","fields":{"message":"Received CAS response","request_id":"01M1YMWAER9WNGW66A0J968P2B","status_code":206},"filename":"/home/runner/work/xet-core/xet-core/xet_client/src/common/http_client.rs","line_number":288}
{"timestamp":"2026-09-07T19:17:49.728684Z","level":"INFO","fields":{"message":"Request Success: s3::get_range api call succeeded (request id 01M1YMWAER9WNGW66A0J968P2B)."},"filename":"/home/runner/work/xet-core/xet-core/xet_client/src/cas_client/retry_wrapper.rs","line_number":237}
{"timestamp":"2026-09-07T19:17:49.743183Z","level":"INFO","fields":{"message":"Received CAS response","request_id":"01M1YMWAEY7AE2E5VGZ293CA37","status_code":206},"filename":"/home/runner/work/xet-core/xet-core/xet_client/src/common/http_client.rs","line_number":288}
{"timestamp":"2026-09-07T19:17:49.743203Z","level":"INFO","fields":{"message":"Request Success: s3::get_range api call succeeded (request id 01M1YMWAEY7AE2E5VGZ293CA37)."},"filename":"/home/runner/work/xet-core/xet-core/xet_client/src/cas_client/retry_wrapper.rs","line_number":237}
{"timestamp":"2026-09-07T19:17:49.772520Z","level":"INFO","fields":{"message":"Received CAS response","request_id":"01M1YMWAFCFCF1TJECFA2J5ZCA","status_code":206},"filename":"/home/runner/work/xet-core/xet-core/xet_client/src/common/http_client.rs","line_number":288}
{"timestamp":"2026-09-07T19:17:49.772541Z","level":"INFO","fields":{"message":"Request Success: s3::get_range api call succeeded (request id 01M1YMWAFCFCF1TJECFA2J5ZCA)."},"filename":"/home/runner/work/xet-core/xet-core/xet_client/src/cas_client/retry_wrapper.rs","line_number":237}
{"timestamp":"2026-09-07T19:17:49.779895Z","level":"INFO","fields":{"message":"Retry strategy","retry":"RetryWrapper { max_attempts: 5, base_delay: 3s, max_duration: 360s, no_retry_on_429: false, retry_on_403: true, expected_416: false, expected_404: false, log_errors_as_info: false, api_tag: \"s3::get_range\", has_connection_permit: true }"},"filename":"/home/runner/work/xet-core/xet-core/xet_client/src/cas_client/retry_wrapper.rs","line_number":274}
{"timestamp":"2026-09-07T19:17:49.843348Z","level":"INFO","fields":{"message":"Received CAS response","request_id":"01M1YMWAGZ7YGANZ2V28GA634H","status_code":206},"filename":"/home/runner/work/xet-core/xet-core/xet_client/src/common/http_client.rs","line_number":288}
{"timestamp":"2026-09-07T19:17:49.843388Z","level":"INFO","fields":{"message":"Request Success: s3::get_range api call succeeded (request id 01M1YMWAGZ7YGANZ2V28GA634H)."},"filename":"/home/runner/work/xet-core/xet-core/xet_client/src/cas_client/retry_wrapper.rs","line_number":237}
{"timestamp":"2026-09-07T19:17:49.852582Z","level":"INFO","fields":{"message":"Received CAS response","request_id":"01M1YMWAHBD0MAV8K0BSSVE5NN","status_code":206},"filename":"/home/runner/work/xet-core/xet-core/xet_client/src/common/http_client.rs","line_number":288}
{"timestamp":"2026-09-07T19:17:49.852605Z","level":"INFO","fields":{"message":"Request Success: s3::get_range api call succeeded (request id 01M1YMWAHBD0MAV8K0BSSVE5NN)."},"filename":"/home/runner/work/xet-core/xet-core/xet_client/src/cas_client/retry_wrapper.rs","line_number":237}
{"timestamp":"2026-09-07T19:17:49.901487Z","level":"INFO","fields":{"message":"Received CAS response","request_id":"01M1YMWAK393DHXVDTHNN1WT8S","status_code":206},"filename":"/home/runner/work/xet-core/xet-core/xet_client/src/common/http_client.rs","line_number":288}
{"timestamp":"2026-09-07T19:17:49.901511Z","level":"INFO","fields":{"message":"Request Success: s3::get_range api call succeeded (request id 01M1YMWAK393DHXVDTHNN1WT8S)."},"filename":"/home/runner/work/xet-core/xet-core/xet_client/src/cas_client/retry_wrapper.rs","line_number":237}
{"timestamp":"2026-09-07T19:17:50.083998Z","level":"INFO","fields":{"message":"Retry strategy","retry":"RetryWrapper { max_attempts: 5, base_delay: 3s, max_duration: 360s, no_retry_on_429: false, retry_on_403: true, expected_416: false, expected_404: false, log_errors_as_info: false, api_tag: \"s3::get_range\", has_connection_permit: true }"},"filename":"/home/runner/work/xet-core/xet-core/xet_client/src/cas_client/retry_wrapper.rs","line_number":274}
{"timestamp":"2026-09-07T19:17:50.111206Z","level":"INFO","fields":{"message":"Retry strategy","retry":"RetryWrapper { max_attempts: 5, base_delay: 3s, max_duration: 360s, no_retry_on_429: false, retry_on_403: true, expected_416: false, expected_404: false, log_errors_as_info: false, api_tag: \"s3::get_range\", has_connection_permit: true }"},"filename":"/home/runner/work/xet-core/xet-core/xet_client/src/cas_client/retry_wrapper.rs","line_number":274}
{"timestamp":"2026-09-07T19:17:50.119598Z","level":"INFO","fields":{"message":"Retry strategy","retry":"RetryWrapper { max_attempts: 5, base_delay: 3s, max_duration: 360s, no_retry_on_429: false, retry_on_403: true, expected_416: false, expected_404: false, log_errors_as_info: false, api_tag: \"s3::get_range\", has_connection_permit: true }"},"filename":"/home/runner/work/xet-core/xet-core/xet_client/src/cas_client/retry_wrapper.rs","line_number":274}
{"timestamp":"2026-09-07T19:17:50.120549Z","level":"INFO","fields":{"message":"Retry strategy","retry":"RetryWrapper { max_attempts: 5, base_delay: 3s, max_duration: 360s, no_retry_on_429: false, retry_on_403: true, expected_416: false, expected_404: false, log_errors_as_info: false, api_tag: \"s3::get_range\", has_connection_permit: true }"},"filename":"/home/runner/work/xet-core/xet-core/xet_client/src/cas_client/retry_wrapper.rs","line_number":274}
{"timestamp":"2026-09-07T19:17:50.161517Z","level":"INFO","fields":{"message":"Received CAS response","request_id":"01M1YMWAWJG119CD0R5SCKKKPT","status_code":206},"filename":"/home/runner/work/xet-core/xet-core/xet_client/src/common/http_client.rs","line_number":288}
{"timestamp":"2026-09-07T19:17:50.161540Z","level":"INFO","fields":{"message":"Request Success: s3::get_range api call succeeded (request id 01M1YMWAWJG119CD0R5SCKKKPT)."},"filename":"/home/runner/work/xet-core/xet-core/xet_client/src/cas_client/retry_wrapper.rs","line_number":237}
{"timestamp":"2026-09-07T19:17:50.215988Z","level":"INFO","fields":{"message":"Received CAS response","request_id":"01M1YMWAXD4H9EG3GZKHB2GMGJ","status_code":206},"filename":"/home/runner/work/xet-core/xet-core/xet_client/src/common/http_client.rs","line_number":288}
{"timestamp":"2026-09-07T19:17:50.216015Z","level":"INFO","fields":{"message":"Request Success: s3::get_range api call succeeded (request id 01M1YMWAXD4H9EG3GZKHB2GMGJ)."},"filename":"/home/runner/work/xet-core/xet-core/xet_client/src/cas_client/retry_wrapper.rs","line_number":237}
{"timestamp":"2026-09-07T19:17:50.216658Z","level":"INFO","fields":{"message":"Concurrency control for download: Increased concurrency from 13 to 14; reason: success ratio 1.000 is above threshold 0.800 and predicted RTT for 61MB at new concurrency is 4.03s < target 60.0s"},"filename":"/home/runner/work/xet-core/xet-core/xet_client/src/cas_client/adaptive_concurrency/controller.rs","line_number":548}
{"timestamp":"2026-09-07T19:17:50.216701Z","level":"INFO","fields":{"message":"Retry strategy","retry":"RetryWrapper { max_attempts: 5, base_delay: 3s, max_duration: 360s, no_retry_on_429: false, retry_on_403: true, expected_416: false, expected_404: false, log_errors_as_info: false, api_tag: \"s3::get_range\", has_connection_permit: true }"},"filename":"/home/runner/work/xet-core/xet-core/xet_client/src/cas_client/retry_wrapper.rs","line_number":274}
{"timestamp":"2026-09-07T19:17:50.240562Z","level":"INFO","fields":{"message":"Received CAS response","request_id":"01M1YMWAXQMNWCBRNQDB50AQWH","status_code":206},"filename":"/home/runner/work/xet-core/xet-core/xet_client/src/common/http_client.rs","line_number":288}
{"timestamp":"2026-09-07T19:17:50.240582Z","level":"INFO","fields":{"message":"Request Success: s3::get_range api call succeeded (request id 01M1YMWAXQMNWCBRNQDB50AQWH)."},"filename":"/home/runner/work/xet-core/xet-core/xet_client/src/cas_client/retry_wrapper.rs","line_number":237}
{"timestamp":"2026-09-07T19:17:50.245839Z","level":"INFO","fields":{"message":"Received CAS response","request_id":"01M1YMWAXPDXSQYFX78AZNB1QJ","status_code":206},"filename":"/home/runner/work/xet-core/xet-core/xet_client/src/common/http_client.rs","line_number":288}
{"timestamp":"2026-09-07T19:17:50.245871Z","level":"INFO","fields":{"message":"Request Success: s3::get_range api call succeeded (request id 01M1YMWAXPDXSQYFX78AZNB1QJ)."},"filename":"/home/runner/work/xet-core/xet-core/xet_client/src/cas_client/retry_wrapper.rs","line_number":237}
{"timestamp":"2026-09-07T19:17:50.248775Z","level":"INFO","fields":{"message":"Retry strategy","retry":"RetryWrapper { max_attempts: 5, base_delay: 3s, max_duration: 360s, no_retry_on_429: false, retry_on_403: true, expected_416: false, expected_404: false, log_errors_as_info: false, api_tag: \"s3::get_range\", has_connection_permit: true }"},"filename":"/home/runner/work/xet-core/xet-core/xet_client/src/cas_client/retry_wrapper.rs","line_number":274}
{"timestamp":"2026-09-07T19:17:50.348111Z","level":"INFO","fields":{"message":"Received CAS response","request_id":"01M1YMWB0YF1RHRT4Y2F2C8KDD","status_code":206},"filename":"/home/runner/work/xet-core/xet-core/xet_client/src/common/http_client.rs","line_number":288}
{"timestamp":"2026-09-07T19:17:50.348139Z","level":"INFO","fields":{"message":"Request Success: s3::get_range api call succeeded (request id 01M1YMWB0YF1RHRT4Y2F2C8KDD)."},"filename":"/home/runner/work/xet-core/xet-core/xet_client/src/cas_client/retry_wrapper.rs","line_number":237}
{"timestamp":"2026-09-07T19:17:50.369086Z","level":"INFO","fields":{"message":"Received CAS response","request_id":"01M1YMWB1RJWWF4BEDJW7EJK9C","status_code":206},"filename":"/home/runner/work/xet-core/xet-core/xet_client/src/common/http_client.rs","line_number":288}
{"timestamp":"2026-09-07T19:17:50.369110Z","level":"INFO","fields":{"message":"Request Success: s3::get_range api call succeeded (request id 01M1YMWB1RJWWF4BEDJW7EJK9C)."},"filename":"/home/runner/work/xet-core/xet-core/xet_client/src/cas_client/retry_wrapper.rs","line_number":237}
{"timestamp":"2026-09-07T19:17:50.553939Z","level":"INFO","fields":{"message":"Retry strategy","retry":"RetryWrapper { max_attempts: 5, base_delay: 3s, max_duration: 360s, no_retry_on_429: false, retry_on_403: true, expected_416: false, expected_404: false, log_errors_as_info: false, api_tag: \"s3::get_range\", has_connection_permit: true }"},"filename":"/home/runner/work/xet-core/xet-core/xet_client/src/cas_client/retry_wrapper.rs","line_number":274}
{"timestamp":"2026-09-07T19:17:50.554378Z","level":"INFO","fields":{"message":"Retry strategy","retry":"RetryWrapper { max_attempts: 5, base_delay: 3s, max_duration: 360s, no_retry_on_429: false, retry_on_403: true, expected_416: false, expected_404: false, log_errors_as_info: false, api_tag: \"s3::get_range\", has_connection_permit: true }"},"filename":"/home/runner/work/xet-core/xet-core/xet_client/src/cas_client/retry_wrapper.rs","line_number":274}
{"timestamp":"2026-09-07T19:17:50.561409Z","level":"INFO","fields":{"message":"Retry strategy","retry":"RetryWrapper { max_attempts: 5, base_delay: 3s, max_duration: 360s, no_retry_on_429: false, retry_on_403: true, expected_416: false, expected_404: false, log_errors_as_info: false, api_tag: \"s3::get_range\", has_connection_permit: true }"},"filename":"/home/runner/work/xet-core/xet-core/xet_client/src/cas_client/retry_wrapper.rs","line_number":274}
{"timestamp":"2026-09-07T19:17:50.572311Z","level":"INFO","fields":{"message":"Retry strategy","retry":"RetryWrapper { max_attempts: 5, base_delay: 3s, max_duration: 360s, no_retry_on_429: false, retry_on_403: true, expected_416: false, expected_404: false, log_errors_as_info: false, api_tag: \"s3::get_range\", has_connection_permit: true }"},"filename":"/home/runner/work/xet-core/xet-core/xet_client/src/cas_client/retry_wrapper.rs","line_number":274}
{"timestamp":"2026-09-07T19:17:50.635478Z","level":"INFO","fields":{"message":"Received CAS response","request_id":"01M1YMWBB8YXA04RMHFD1NBH1V","status_code":206},"filename":"/home/runner/work/xet-core/xet-core/xet_client/src/common/http_client.rs","line_number":288}
{"timestamp":"2026-09-07T19:17:50.635522Z","level":"INFO","fields":{"message":"Request Success: s3::get_range api call succeeded (request id 01M1YMWBB8YXA04RMHFD1NBH1V)."},"filename":"/home/runner/work/xet-core/xet-core/xet_client/src/cas_client/retry_wrapper.rs","line_number":237}
{"timestamp":"2026-09-07T19:17:50.645652Z","level":"INFO","fields":{"message":"Retry strategy","retry":"RetryWrapper { max_attempts: 5, base_delay: 3s, max_duration: 360s, no_retry_on_429: false, retry_on_403: true, expected_416: false, expected_404: false, log_errors_as_info: false, api_tag: \"s3::get_range\", has_connection_permit: true }"},"filename":"/home/runner/work/xet-core/xet-core/xet_client/src/cas_client/retry_wrapper.rs","line_number":274}
{"timestamp":"2026-09-07T19:17:50.665954Z","level":"INFO","fields":{"message":"Received CAS response","request_id":"01M1YMWBBF88RQ29ZNDBX27SSF","status_code":206},"filename":"/home/runner/work/xet-core/xet-core/xet_client/src/common/http_client.rs","line_number":288}
{"timestamp":"2026-09-07T19:17:50.665974Z","level":"INFO","fields":{"message":"Request Success: s3::get_range api call succeeded (request id 01M1YMWBBF88RQ29ZNDBX27SSF)."},"filename":"/home/runner/work/xet-core/xet-core/xet_client/src/cas_client/retry_wrapper.rs","line_number":237}
{"timestamp":"2026-09-07T19:17:50.668098Z","level":"INFO","fields":{"message":"Retry strategy","retry":"RetryWrapper { max_attempts: 5, base_delay: 3s, max_duration: 360s, no_retry_on_429: false, retry_on_403: true, expected_416: false, expected_404: false, log_errors_as_info: false, api_tag: \"s3::get_range\", has_connection_permit: true }"},"filename":"/home/runner/work/xet-core/xet-core/xet_client/src/cas_client/retry_wrapper.rs","line_number":274}
{"timestamp":"2026-09-07T19:17:50.671123Z","level":"INFO","fields":{"message":"Received CAS response","request_id":"01M1YMWBBCWF720SR80W9AAJ92","status_code":206},"filename":"/home/runner/work/xet-core/xet-core/xet_client/src/common/http_client.rs","line_number":288}
{"timestamp":"2026-09-07T19:17:50.671143Z","level":"INFO","fields":{"message":"Request Success: s3::get_range api call succeeded (request id 01M1YMWBBCWF720SR80W9AAJ92)."},"filename":"/home/runner/work/xet-core/xet-core/xet_client/src/cas_client/retry_wrapper.rs","line_number":237}
{"timestamp":"2026-09-07T19:17:50.688399Z","level":"INFO","fields":{"message":"Received CAS response","request_id":"01M1YMWBBT5ME4F0KXAPTAJ0WR","status_code":206},"filename":"/home/runner/work/xet-core/xet-core/xet_client/src/common/http_client.rs","line_number":288}
{"timestamp":"2026-09-07T19:17:50.688412Z","level":"INFO","fields":{"message":"Request Success: s3::get_range api call succeeded (request id 01M1YMWBBT5ME4F0KXAPTAJ0WR)."},"filename":"/home/runner/work/xet-core/xet-core/xet_client/src/cas_client/retry_wrapper.rs","line_number":237}
{"timestamp":"2026-09-07T19:17:50.706134Z","level":"INFO","fields":{"message":"Retry strategy","retry":"RetryWrapper { max_attempts: 5, base_delay: 3s, max_duration: 360s, no_retry_on_429: false, retry_on_403: true, expected_416: false, expected_404: false, log_errors_as_info: false, api_tag: \"s3::get_range\", has_connection_permit: true }"},"filename":"/home/runner/work/xet-core/xet-core/xet_client/src/cas_client/retry_wrapper.rs","line_number":274}
{"timestamp":"2026-09-07T19:17:50.788277Z","level":"INFO","fields":{"message":"Received CAS response","request_id":"01M1YMWBETVBAT4W29DHDXPVRW","status_code":206},"filename":"/home/runner/work/xet-core/xet-core/xet_client/src/common/http_client.rs","line_number":288}
{"timestamp":"2026-09-07T19:17:50.788308Z","level":"INFO","fields":{"message":"Request Success: s3::get_range api call succeeded (request id 01M1YMWBETVBAT4W29DHDXPVRW)."},"filename":"/home/runner/work/xet-core/xet-core/xet_client/src/cas_client/retry_wrapper.rs","line_number":237}
{"timestamp":"2026-09-07T19:17:50.788447Z","level":"INFO","fields":{"message":"Concurrency control for download: Increased concurrency from 14 to 15; reason: success ratio 1.000 is above threshold 0.800 and predicted RTT for 61MB at new concurrency is 4.94s < target 60.0s"},"filename":"/home/runner/work/xet-core/xet-core/xet_client/src/cas_client/adaptive_concurrency/controller.rs","line_number":548}
{"timestamp":"2026-09-07T19:17:50.788478Z","level":"INFO","fields":{"message":"Retry strategy","retry":"RetryWrapper { max_attempts: 5, base_delay: 3s, max_duration: 360s, no_retry_on_429: false, retry_on_403: true, expected_416: false, expected_404: false, log_errors_as_info: false, api_tag: \"s3::get_range\", has_connection_permit: true }"},"filename":"/home/runner/work/xet-core/xet-core/xet_client/src/cas_client/retry_wrapper.rs","line_number":274}
{"timestamp":"2026-09-07T19:17:50.831596Z","level":"INFO","fields":{"message":"Received CAS response","request_id":"01M1YMWBG08BFJR0BBHPPKSVTA","status_code":206},"filename":"/home/runner/work/xet-core/xet-core/xet_client/src/common/http_client.rs","line_number":288}
{"timestamp":"2026-09-07T19:17:50.831623Z","level":"INFO","fields":{"message":"Request Success: s3::get_range api call succeeded (request id 01M1YMWBG08BFJR0BBHPPKSVTA)."},"filename":"/home/runner/work/xet-core/xet-core/xet_client/src/cas_client/retry_wrapper.rs","line_number":237}
{"timestamp":"2026-09-07T19:17:50.885452Z","level":"INFO","fields":{"message":"Received CAS response","request_id":"01M1YMWBE5C8TVTAJ5W57K9Q8T","status_code":206},"filename":"/home/runner/work/xet-core/xet-core/xet_client/src/common/http_client.rs","line_number":288}
{"timestamp":"2026-09-07T19:17:50.885479Z","level":"INFO","fields":{"message":"Request Success: s3::get_range api call succeeded (request id 01M1YMWBE5C8TVTAJ5W57K9Q8T)."},"filename":"/home/runner/work/xet-core/xet-core/xet_client/src/cas_client/retry_wrapper.rs","line_number":237}
{"timestamp":"2026-09-07T19:17:50.937539Z","level":"INFO","fields":{"message":"Retry strategy","retry":"RetryWrapper { max_attempts: 5, base_delay: 3s, max_duration: 360s, no_retry_on_429: false, retry_on_403: true, expected_416: false, expected_404: false, log_errors_as_info: false, api_tag: \"s3::get_range\", has_connection_permit: true }"},"filename":"/home/runner/work/xet-core/xet-core/xet_client/src/cas_client/retry_wrapper.rs","line_number":274}
{"timestamp":"2026-09-07T19:17:50.976089Z","level":"INFO","fields":{"message":"Retry strategy","retry":"RetryWrapper { max_attempts: 5, base_delay: 3s, max_duration: 360s, no_retry_on_429: false, retry_on_403: true, expected_416: false, expected_404: false, log_errors_as_info: false, api_tag: \"s3::get_range\", has_connection_permit: true }"},"filename":"/home/runner/work/xet-core/xet-core/xet_client/src/cas_client/retry_wrapper.rs","line_number":274}
{"timestamp":"2026-09-07T19:17:50.984340Z","level":"INFO","fields":{"message":"Retry strategy","retry":"RetryWrapper { max_attempts: 5, base_delay: 3s, max_duration: 360s, no_retry_on_429: false, retry_on_403: true, expected_416: false, expected_404: false, log_errors_as_info: false, api_tag: \"s3::get_range\", has_connection_permit: true }"},"filename":"/home/runner/work/xet-core/xet-core/xet_client/src/cas_client/retry_wrapper.rs","line_number":274}
{"timestamp":"2026-09-07T19:17:51.012194Z","level":"INFO","fields":{"message":"Retry strategy","retry":"RetryWrapper { max_attempts: 5, base_delay: 3s, max_duration: 360s, no_retry_on_429: false, retry_on_403: true, expected_416: false, expected_404: false, log_errors_as_info: false, api_tag: \"s3::get_range\", has_connection_permit: true }"},"filename":"/home/runner/work/xet-core/xet-core/xet_client/src/cas_client/retry_wrapper.rs","line_number":274}
{"timestamp":"2026-09-07T19:17:51.018744Z","level":"INFO","fields":{"message":"Received CAS response","request_id":"01M1YMWBQ6FY9ZWW2HCX0EV9DG","status_code":206},"filename":"/home/runner/work/xet-core/xet-core/xet_client/src/common/http_client.rs","line_number":288}
{"timestamp":"2026-09-07T19:17:51.018757Z","level":"INFO","fields":{"message":"Request Success: s3::get_range api call succeeded (request id 01M1YMWBQ6FY9ZWW2HCX0EV9DG)."},"filename":"/home/runner/work/xet-core/xet-core/xet_client/src/cas_client/retry_wrapper.rs","line_number":237}
{"timestamp":"2026-09-07T19:17:51.039668Z","level":"INFO","fields":{"message":"Retry strategy","retry":"RetryWrapper { max_attempts: 5, base_delay: 3s, max_duration: 360s, no_retry_on_429: false, retry_on_403: true, expected_416: false, expected_404: false, log_errors_as_info: false, api_tag: \"s3::get_range\", has_connection_permit: true }"},"filename":"/home/runner/work/xet-core/xet-core/xet_client/src/cas_client/retry_wrapper.rs","line_number":274}
{"timestamp":"2026-09-07T19:17:51.062610Z","level":"INFO","fields":{"message":"Retry strategy","retry":"RetryWrapper { max_attempts: 5, base_delay: 3s, max_duration: 360s, no_retry_on_429: false, retry_on_403: true, expected_416: false, expected_404: false, log_errors_as_info: false, api_tag: \"s3::get_range\", has_connection_permit: true }"},"filename":"/home/runner/work/xet-core/xet-core/xet_client/src/cas_client/retry_wrapper.rs","line_number":274}
{"timestamp":"2026-09-07T19:17:51.062941Z","level":"INFO","fields":{"message":"Received CAS response","request_id":"01M1YMWBRFM82ED6435CCJC8DY","status_code":206},"filename":"/home/runner/work/xet-core/xet-core/xet_client/src/common/http_client.rs","line_number":288}
{"timestamp":"2026-09-07T19:17:51.062956Z","level":"INFO","fields":{"message":"Request Success: s3::get_range api call succeeded (request id 01M1YMWBRFM82ED6435CCJC8DY)."},"filename":"/home/runner/work/xet-core/xet-core/xet_client/src/cas_client/retry_wrapper.rs","line_number":237}
{"timestamp":"2026-09-07T19:17:51.066051Z","level":"INFO","fields":{"message":"Retry strategy","retry":"RetryWrapper { max_attempts: 5, base_delay: 3s, max_duration: 360s, no_retry_on_429: false, retry_on_403: true, expected_416: false, expected_404: false, log_errors_as_info: false, api_tag: \"s3::get_range\", has_connection_permit: true }"},"filename":"/home/runner/work/xet-core/xet-core/xet_client/src/cas_client/retry_wrapper.rs","line_number":274}
{"timestamp":"2026-09-07T19:17:51.087923Z","level":"INFO","fields":{"message":"Received CAS response","request_id":"01M1YMWBS2ZC7Y2GA47ZY7DAD1","status_code":206},"filename":"/home/runner/work/xet-core/xet-core/xet_client/src/common/http_client.rs","line_number":288}
{"timestamp":"2026-09-07T19:17:51.087948Z","level":"INFO","fields":{"message":"Request Success: s3::get_range api call succeeded (request id 01M1YMWBS2ZC7Y2GA47ZY7DAD1)."},"filename":"/home/runner/work/xet-core/xet-core/xet_client/src/cas_client/retry_wrapper.rs","line_number":237}
{"timestamp":"2026-09-07T19:17:51.089393Z","level":"INFO","fields":{"message":"Received CAS response","request_id":"01M1YMWBRPNFQVEN2Z422T90YG","status_code":206},"filename":"/home/runner/work/xet-core/xet-core/xet_client/src/common/http_client.rs","line_number":288}
{"timestamp":"2026-09-07T19:17:51.089404Z","level":"INFO","fields":{"message":"Request Success: s3::get_range api call succeeded (request id 01M1YMWBRPNFQVEN2Z422T90YG)."},"filename":"/home/runner/work/xet-core/xet-core/xet_client/src/cas_client/retry_wrapper.rs","line_number":237}
{"timestamp":"2026-09-07T19:17:51.128196Z","level":"INFO","fields":{"message":"Received CAS response","request_id":"01M1YMWBSJMV4VBWZ8ZN7XDN2N","status_code":206},"filename":"/home/runner/work/xet-core/xet-core/xet_client/src/common/http_client.rs","line_number":288}
{"timestamp":"2026-09-07T19:17:51.128217Z","level":"INFO","fields":{"message":"Request Success: s3::get_range api call succeeded (request id 01M1YMWBSJMV4VBWZ8ZN7XDN2N)."},"filename":"/home/runner/work/xet-core/xet-core/xet_client/src/cas_client/retry_wrapper.rs","line_number":237}
{"timestamp":"2026-09-07T19:17:51.166313Z","level":"INFO","fields":{"message":"Received CAS response","request_id":"01M1YMWBTEQKK2EEP7GVPAJA95","status_code":206},"filename":"/home/runner/work/xet-core/xet-core/xet_client/src/common/http_client.rs","line_number":288}
{"timestamp":"2026-09-07T19:17:51.166329Z","level":"INFO","fields":{"message":"Request Success: s3::get_range api call succeeded (request id 01M1YMWBTEQKK2EEP7GVPAJA95)."},"filename":"/home/runner/work/xet-core/xet-core/xet_client/src/cas_client/retry_wrapper.rs","line_number":237}
{"timestamp":"2026-09-07T19:17:51.185662Z","level":"INFO","fields":{"message":"Received CAS response","request_id":"01M1YMWBV4204NWFRVBX4CC9NP","status_code":206},"filename":"/home/runner/work/xet-core/xet-core/xet_client/src/common/http_client.rs","line_number":288}
{"timestamp":"2026-09-07T19:17:51.185672Z","level":"INFO","fields":{"message":"Request Success: s3::get_range api call succeeded (request id 01M1YMWBV4204NWFRVBX4CC9NP)."},"filename":"/home/runner/work/xet-core/xet-core/xet_client/src/cas_client/retry_wrapper.rs","line_number":237}
{"timestamp":"2026-09-07T19:17:51.190161Z","level":"INFO","fields":{"message":"Received CAS response","request_id":"01M1YMWBV88M4101NHN04EJTYP","status_code":206},"filename":"/home/runner/work/xet-core/xet-core/xet_client/src/common/http_client.rs","line_number":288}
{"timestamp":"2026-09-07T19:17:51.190187Z","level":"INFO","fields":{"message":"Request Success: s3::get_range api call succeeded (request id 01M1YMWBV88M4101NHN04EJTYP)."},"filename":"/home/runner/work/xet-core/xet-core/xet_client/src/cas_client/retry_wrapper.rs","line_number":237}
{"timestamp":"2026-09-07T19:17:51.302551Z","level":"INFO","fields":{"message":"Concurrency control for download: Increased concurrency from 15 to 16; reason: success ratio 1.000 is above threshold 0.800 and predicted RTT for 57MB at new concurrency is 4.95s < target 60.0s"},"filename":"/home/runner/work/xet-core/xet-core/xet_client/src/cas_client/adaptive_concurrency/controller.rs","line_number":548}
{"timestamp":"2026-09-07T19:17:51.302610Z","level":"INFO","fields":{"message":"Retry strategy","retry":"RetryWrapper { max_attempts: 5, base_delay: 3s, max_duration: 360s, no_retry_on_429: false, retry_on_403: true, expected_416: false, expected_404: false, log_errors_as_info: false, api_tag: \"s3::get_range\", has_connection_permit: true }"},"filename":"/home/runner/work/xet-core/xet-core/xet_client/src/cas_client/retry_wrapper.rs","line_number":274}
{"timestamp":"2026-09-07T19:17:51.418510Z","level":"INFO","fields":{"message":"Retry strategy","retry":"RetryWrapper { max_attempts: 5, base_delay: 3s, max_duration: 360s, no_retry_on_429: false, retry_on_403: true, expected_416: false, expected_404: false, log_errors_as_info: false, api_tag: \"s3::get_range\", has_connection_permit: true }"},"filename":"/home/runner/work/xet-core/xet-core/xet_client/src/cas_client/retry_wrapper.rs","line_number":274}
{"timestamp":"2026-09-07T19:17:51.421069Z","level":"INFO","fields":{"message":"Retry strategy","retry":"RetryWrapper { max_attempts: 5, base_delay: 3s, max_duration: 360s, no_retry_on_429: false, retry_on_403: true, expected_416: false, expected_404: false, log_errors_as_info: false, api_tag: \"s3::get_range\", has_connection_permit: true }"},"filename":"/home/runner/work/xet-core/xet-core/xet_client/src/cas_client/retry_wrapper.rs","line_number":274}
{"timestamp":"2026-09-07T19:17:51.424500Z","level":"INFO","fields":{"message":"Retry strategy","retry":"RetryWrapper { max_attempts: 5, base_delay: 3s, max_duration: 360s, no_retry_on_429: false, retry_on_403: true, expected_416: false, expected_404: false, log_errors_as_info: false, api_tag: \"s3::get_range\", has_connection_permit: true }"},"filename":"/home/runner/work/xet-core/xet-core/xet_client/src/cas_client/retry_wrapper.rs","line_number":274}
{"timestamp":"2026-09-07T19:17:51.428522Z","level":"INFO","fields":{"message":"Received CAS response","request_id":"01M1YMWC2RHQ1N6TZJ7NHGQVWJ","status_code":206},"filename":"/home/runner/work/xet-core/xet-core/xet_client/src/common/http_client.rs","line_number":288}
{"timestamp":"2026-09-07T19:17:51.428531Z","level":"INFO","fields":{"message":"Request Success: s3::get_range api call succeeded (request id 01M1YMWC2RHQ1N6TZJ7NHGQVWJ)."},"filename":"/home/runner/work/xet-core/xet-core/xet_client/src/cas_client/retry_wrapper.rs","line_number":237}
{"timestamp":"2026-09-07T19:17:51.457044Z","level":"INFO","fields":{"message":"Retry strategy","retry":"RetryWrapper { max_attempts: 5, base_delay: 3s, max_duration: 360s, no_retry_on_429: false, retry_on_403: true, expected_416: false, expected_404: false, log_errors_as_info: false, api_tag: \"s3::get_range\", has_connection_permit: true }"},"filename":"/home/runner/work/xet-core/xet-core/xet_client/src/cas_client/retry_wrapper.rs","line_number":274}
{"timestamp":"2026-09-07T19:17:51.485472Z","level":"INFO","fields":{"message":"Received CAS response","request_id":"01M1YMWC6E6H206F0YYRK4J8M9","status_code":206},"filename":"/home/runner/work/xet-core/xet-core/xet_client/src/common/http_client.rs","line_number":288}
{"timestamp":"2026-09-07T19:17:51.485488Z","level":"INFO","fields":{"message":"Request Success: s3::get_range api call succeeded (request id 01M1YMWC6E6H206F0YYRK4J8M9)."},"filename":"/home/runner/work/xet-core/xet-core/xet_client/src/cas_client/retry_wrapper.rs","line_number":237}
{"timestamp":"2026-09-07T19:17:51.487946Z","level":"INFO","fields":{"message":"Received CAS response","request_id":"01M1YMWC6AJ75QKKXCN4EFKSRF","status_code":206},"filename":"/home/runner/work/xet-core/xet-core/xet_client/src/common/http_client.rs","line_number":288}
{"timestamp":"2026-09-07T19:17:51.487961Z","level":"INFO","fields":{"message":"Request Success: s3::get_range api call succeeded (request id 01M1YMWC6AJ75QKKXCN4EFKSRF)."},"filename":"/home/runner/work/xet-core/xet-core/xet_client/src/cas_client/retry_wrapper.rs","line_number":237}
{"timestamp":"2026-09-07T19:17:51.491890Z","level":"INFO","fields":{"message":"Received CAS response","request_id":"01M1YMWC6DW6AVS3H9N5FY51BG","status_code":206},"filename":"/home/runner/work/xet-core/xet-core/xet_client/src/common/http_client.rs","line_number":288}
{"timestamp":"2026-09-07T19:17:51.491910Z","level":"INFO","fields":{"message":"Request Success: s3::get_range api call succeeded (request id 01M1YMWC6DW6AVS3H9N5FY51BG)."},"filename":"/home/runner/work/xet-core/xet-core/xet_client/src/cas_client/retry_wrapper.rs","line_number":237}
{"timestamp":"2026-09-07T19:17:51.516003Z","level":"INFO","fields":{"message":"Retry strategy","retry":"RetryWrapper { max_attempts: 5, base_delay: 3s, max_duration: 360s, no_retry_on_429: false, retry_on_403: true, expected_416: false, expected_404: false, log_errors_as_info: false, api_tag: \"s3::get_range\", has_connection_permit: true }"},"filename":"/home/runner/work/xet-core/xet-core/xet_client/src/cas_client/retry_wrapper.rs","line_number":274}
{"timestamp":"2026-09-07T19:17:51.559202Z","level":"INFO","fields":{"message":"Retry strategy","retry":"RetryWrapper { max_attempts: 5, base_delay: 3s, max_duration: 360s, no_retry_on_429: false, retry_on_403: true, expected_416: false, expected_404: false, log_errors_as_info: false, api_tag: \"s3::get_range\", has_connection_permit: true }"},"filename":"/home/runner/work/xet-core/xet-core/xet_client/src/cas_client/retry_wrapper.rs","line_number":274}
{"timestamp":"2026-09-07T19:17:51.584580Z","level":"INFO","fields":{"message":"Received CAS response","request_id":"01M1YMWC7F4E78S4G4DKM4Y1ST","status_code":206},"filename":"/home/runner/work/xet-core/xet-core/xet_client/src/common/http_client.rs","line_number":288}
{"timestamp":"2026-09-07T19:17:51.584601Z","level":"INFO","fields":{"message":"Request Success: s3::get_range api call succeeded (request id 01M1YMWC7F4E78S4G4DKM4Y1ST)."},"filename":"/home/runner/work/xet-core/xet-core/xet_client/src/cas_client/retry_wrapper.rs","line_number":237}
{"timestamp":"2026-09-07T19:17:51.648216Z","level":"INFO","fields":{"message":"Received CAS response","request_id":"01M1YMWC9BJ82K3T9CWJQT273M","status_code":206},"filename":"/home/runner/work/xet-core/xet-core/xet_client/src/common/http_client.rs","line_number":288}
{"timestamp":"2026-09-07T19:17:51.648248Z","level":"INFO","fields":{"message":"Request Success: s3::get_range api call succeeded (request id 01M1YMWC9BJ82K3T9CWJQT273M)."},"filename":"/home/runner/work/xet-core/xet-core/xet_client/src/cas_client/retry_wrapper.rs","line_number":237}
{"timestamp":"2026-09-07T19:17:51.682966Z","level":"INFO","fields":{"message":"Received CAS response","request_id":"01M1YMWCANTFY4JBSZMSDK9Q2X","status_code":206},"filename":"/home/runner/work/xet-core/xet-core/xet_client/src/common/http_client.rs","line_number":288}
{"timestamp":"2026-09-07T19:17:51.682993Z","level":"INFO","fields":{"message":"Request Success: s3::get_range api call succeeded (request id 01M1YMWCANTFY4JBSZMSDK9Q2X)."},"filename":"/home/runner/work/xet-core/xet-core/xet_client/src/cas_client/retry_wrapper.rs","line_number":237}
{"timestamp":"2026-09-07T19:17:51.835612Z","level":"INFO","fields":{"message":"Concurrency control for download: Increased concurrency from 16 to 17; reason: success ratio 1.000 is above threshold 0.800 and predicted RTT for 50MB at new concurrency is 4.56s < target 60.0s"},"filename":"/home/runner/work/xet-core/xet-core/xet_client/src/cas_client/adaptive_concurrency/controller.rs","line_number":548}
{"timestamp":"2026-09-07T19:17:51.835657Z","level":"INFO","fields":{"message":"Retry strategy","retry":"RetryWrapper { max_attempts: 5, base_delay: 3s, max_duration: 360s, no_retry_on_429: false, retry_on_403: true, expected_416: false, expected_404: false, log_errors_as_info: false, api_tag: \"s3::get_range\", has_connection_permit: true }"},"filename":"/home/runner/work/xet-core/xet-core/xet_client/src/cas_client/retry_wrapper.rs","line_number":274}
{"timestamp":"2026-09-07T19:17:51.938591Z","level":"INFO","fields":{"message":"Retry strategy","retry":"RetryWrapper { max_attempts: 5, base_delay: 3s, max_duration: 360s, no_retry_on_429: false, retry_on_403: true, expected_416: false, expected_404: false, log_errors_as_info: false, api_tag: \"s3::get_range\", has_connection_permit: true }"},"filename":"/home/runner/work/xet-core/xet-core/xet_client/src/cas_client/retry_wrapper.rs","line_number":274}
{"timestamp":"2026-09-07T19:17:51.941240Z","level":"INFO","fields":{"message":"Received CAS response","request_id":"01M1YMWCKA5TWC2ZW529MXM9TP","status_code":206},"filename":"/home/runner/work/xet-core/xet-core/xet_client/src/common/http_client.rs","line_number":288}
{"timestamp":"2026-09-07T19:17:51.941262Z","level":"INFO","fields":{"message":"Request Success: s3::get_range api call succeeded (request id 01M1YMWCKA5TWC2ZW529MXM9TP)."},"filename":"/home/runner/work/xet-core/xet-core/xet_client/src/cas_client/retry_wrapper.rs","line_number":237}
{"timestamp":"2026-09-07T19:17:51.946428Z","level":"INFO","fields":{"message":"Retry strategy","retry":"RetryWrapper { max_attempts: 5, base_delay: 3s, max_duration: 360s, no_retry_on_429: false, retry_on_403: true, expected_416: false, expected_404: false, log_errors_as_info: false, api_tag: \"s3::get_range\", has_connection_permit: true }"},"filename":"/home/runner/work/xet-core/xet-core/xet_client/src/cas_client/retry_wrapper.rs","line_number":274}
{"timestamp":"2026-09-07T19:17:51.970833Z","level":"INFO","fields":{"message":"Retry strategy","retry":"RetryWrapper { max_attempts: 5, base_delay: 3s, max_duration: 360s, no_retry_on_429: false, retry_on_403: true, expected_416: false, expected_404: false, log_errors_as_info: false, api_tag: \"s3::get_range\", has_connection_permit: true }"},"filename":"/home/runner/work/xet-core/xet-core/xet_client/src/cas_client/retry_wrapper.rs","line_number":274}
{"timestamp":"2026-09-07T19:17:51.976832Z","level":"INFO","fields":{"message":"Retry strategy","retry":"RetryWrapper { max_attempts: 5, base_delay: 3s, max_duration: 360s, no_retry_on_429: false, retry_on_403: true, expected_416: false, expected_404: false, log_errors_as_info: false, api_tag: \"s3::get_range\", has_connection_permit: true }"},"filename":"/home/runner/work/xet-core/xet-core/xet_client/src/cas_client/retry_wrapper.rs","line_number":274}
{"timestamp":"2026-09-07T19:17:51.987845Z","level":"INFO","fields":{"message":"Received CAS response","request_id":"01M1YMWCPHGN196SGZ6GRZAKMQ","status_code":206},"filename":"/home/runner/work/xet-core/xet-core/xet_client/src/common/http_client.rs","line_number":288}
{"timestamp":"2026-09-07T19:17:51.987855Z","level":"INFO","fields":{"message":"Request Success: s3::get_range api call succeeded (request id 01M1YMWCPHGN196SGZ6GRZAKMQ)."},"filename":"/home/runner/work/xet-core/xet-core/xet_client/src/cas_client/retry_wrapper.rs","line_number":237}
{"timestamp":"2026-09-07T19:17:51.998521Z","level":"INFO","fields":{"message":"Received CAS response","request_id":"01M1YMWCPSW5FWYH86J4QR1XXC","status_code":206},"filename":"/home/runner/work/xet-core/xet-core/xet_client/src/common/http_client.rs","line_number":288}
{"timestamp":"2026-09-07T19:17:51.998537Z","level":"INFO","fields":{"message":"Request Success: s3::get_range api call succeeded (request id 01M1YMWCPSW5FWYH86J4QR1XXC)."},"filename":"/home/runner/work/xet-core/xet-core/xet_client/src/cas_client/retry_wrapper.rs","line_number":237}
{"timestamp":"2026-09-07T19:17:52.026662Z","level":"INFO","fields":{"message":"Received CAS response","request_id":"01M1YMWCQJ1DG1TXGGS02VJNJR","status_code":206},"filename":"/home/runner/work/xet-core/xet-core/xet_client/src/common/http_client.rs","line_number":288}
{"timestamp":"2026-09-07T19:17:52.026684Z","level":"INFO","fields":{"message":"Request Success: s3::get_range api call succeeded (request id 01M1YMWCQJ1DG1TXGGS02VJNJR)."},"filename":"/home/runner/work/xet-core/xet-core/xet_client/src/cas_client/retry_wrapper.rs","line_number":237}
{"timestamp":"2026-09-07T19:17:52.042473Z","level":"INFO","fields":{"message":"Retry strategy","retry":"RetryWrapper { max_attempts: 5, base_delay: 3s, max_duration: 360s, no_retry_on_429: false, retry_on_403: true, expected_416: false, expected_404: false, log_errors_as_info: false, api_tag: \"s3::get_range\", has_connection_permit: true }"},"filename":"/home/runner/work/xet-core/xet-core/xet_client/src/cas_client/retry_wrapper.rs","line_number":274}
{"timestamp":"2026-09-07T19:17:52.060037Z","level":"INFO","fields":{"message":"Received CAS response","request_id":"01M1YMWCQQ8YQK0YTYVH4J1YRY","status_code":206},"filename":"/home/runner/work/xet-core/xet-core/xet_client/src/common/http_client.rs","line_number":288}
{"timestamp":"2026-09-07T19:17:52.060057Z","level":"INFO","fields":{"message":"Request Success: s3::get_range api call succeeded (request id 01M1YMWCQQ8YQK0YTYVH4J1YRY)."},"filename":"/home/runner/work/xet-core/xet-core/xet_client/src/cas_client/retry_wrapper.rs","line_number":237}
{"timestamp":"2026-09-07T19:17:52.122091Z","level":"INFO","fields":{"message":"Retry strategy","retry":"RetryWrapper { max_attempts: 5, base_delay: 3s, max_duration: 360s, no_retry_on_429: false, retry_on_403: true, expected_416: false, expected_404: false, log_errors_as_info: false, api_tag: \"s3::get_range\", has_connection_permit: true }"},"filename":"/home/runner/work/xet-core/xet-core/xet_client/src/cas_client/retry_wrapper.rs","line_number":274}
{"timestamp":"2026-09-07T19:17:52.131578Z","level":"INFO","fields":{"message":"Retry strategy","retry":"RetryWrapper { max_attempts: 5, base_delay: 3s, max_duration: 360s, no_retry_on_429: false, retry_on_403: true, expected_416: false, expected_404: false, log_errors_as_info: false, api_tag: \"s3::get_range\", has_connection_permit: true }"},"filename":"/home/runner/work/xet-core/xet-core/xet_client/src/cas_client/retry_wrapper.rs","line_number":274}
{"timestamp":"2026-09-07T19:17:52.153285Z","level":"INFO","fields":{"message":"Concurrency control for download: Current concurrency = 17; predicted bandwidth = 25854930; success_ratio = 1.000; reference_size = 41.5MB; observed bytes sent so far = 813523018; completed transmissions = 60"},"filename":"/home/runner/work/xet-core/xet-core/xet_client/src/cas_client/adaptive_concurrency/controller.rs","line_number":602}
{"timestamp":"2026-09-07T19:17:52.167159Z","level":"INFO","fields":{"message":"Received CAS response","request_id":"01M1YMWCSTACHWKWCKQCAE368K","status_code":206},"filename":"/home/runner/work/xet-core/xet-core/xet_client/src/common/http_client.rs","line_number":288}
{"timestamp":"2026-09-07T19:17:52.167180Z","level":"INFO","fields":{"message":"Request Success: s3::get_range api call succeeded (request id 01M1YMWCSTACHWKWCKQCAE368K)."},"filename":"/home/runner/work/xet-core/xet-core/xet_client/src/cas_client/retry_wrapper.rs","line_number":237}
{"timestamp":"2026-09-07T19:17:52.243698Z","level":"INFO","fields":{"message":"Received CAS response","request_id":"01M1YMWCW84B7S0ND9AQW0H7A3","status_code":206},"filename":"/home/runner/work/xet-core/xet-core/xet_client/src/common/http_client.rs","line_number":288}
{"timestamp":"2026-09-07T19:17:52.243723Z","level":"INFO","fields":{"message":"Request Success: s3::get_range api call succeeded (request id 01M1YMWCW84B7S0ND9AQW0H7A3)."},"filename":"/home/runner/work/xet-core/xet-core/xet_client/src/cas_client/retry_wrapper.rs","line_number":237}
{"timestamp":"2026-09-07T19:17:52.269590Z","level":"INFO","fields":{"message":"Received CAS response","request_id":"01M1YMWCWQ5REDNFGAJQ2TY0X4","status_code":206},"filename":"/home/runner/work/xet-core/xet-core/xet_client/src/common/http_client.rs","line_number":288}
{"timestamp":"2026-09-07T19:17:52.269608Z","level":"INFO","fields":{"message":"Request Success: s3::get_range api call succeeded (request id 01M1YMWCWQ5REDNFGAJQ2TY0X4)."},"filename":"/home/runner/work/xet-core/xet-core/xet_client/src/cas_client/retry_wrapper.rs","line_number":237}
{"timestamp":"2026-09-07T19:17:52.355937Z","level":"INFO","fields":{"message":"Concurrency control for download: Increased concurrency from 17 to 18; reason: success ratio 1.000 is above threshold 0.800 and predicted RTT for 41MB at new concurrency is 4.04s < target 60.0s"},"filename":"/home/runner/work/xet-core/xet-core/xet_client/src/cas_client/adaptive_concurrency/controller.rs","line_number":548}
{"timestamp":"2026-09-07T19:17:52.356056Z","level":"INFO","fields":{"message":"Retry strategy","retry":"RetryWrapper { max_attempts: 5, base_delay: 3s, max_duration: 360s, no_retry_on_429: false, retry_on_403: true, expected_416: false, expected_404: false, log_errors_as_info: false, api_tag: \"s3::get_range\", has_connection_permit: true }"},"filename":"/home/runner/work/xet-core/xet-core/xet_client/src/cas_client/retry_wrapper.rs","line_number":274}
{"timestamp":"2026-09-07T19:17:52.409355Z","level":"INFO","fields":{"message":"Retry strategy","retry":"RetryWrapper { max_attempts: 5, base_delay: 3s, max_duration: 360s, no_retry_on_429: false, retry_on_403: true, expected_416: false, expected_404: false, log_errors_as_info: false, api_tag: \"s3::get_range\", has_connection_permit: true }"},"filename":"/home/runner/work/xet-core/xet-core/xet_client/src/cas_client/retry_wrapper.rs","line_number":274}
{"timestamp":"2026-09-07T19:17:52.430622Z","level":"INFO","fields":{"message":"Retry strategy","retry":"RetryWrapper { max_attempts: 5, base_delay: 3s, max_duration: 360s, no_retry_on_429: false, retry_on_403: true, expected_416: false, expected_404: false, log_errors_as_info: false, api_tag: \"s3::get_range\", has_connection_permit: true }"},"filename":"/home/runner/work/xet-core/xet-core/xet_client/src/cas_client/retry_wrapper.rs","line_number":274}
{"timestamp":"2026-09-07T19:17:52.449132Z","level":"INFO","fields":{"message":"Retry strategy","retry":"RetryWrapper { max_attempts: 5, base_delay: 3s, max_duration: 360s, no_retry_on_429: false, retry_on_403: true, expected_416: false, expected_404: false, log_errors_as_info: false, api_tag: \"s3::get_range\", has_connection_permit: true }"},"filename":"/home/runner/work/xet-core/xet-core/xet_client/src/cas_client/retry_wrapper.rs","line_number":274}
{"timestamp":"2026-09-07T19:17:52.465405Z","level":"INFO","fields":{"message":"Retry strategy","retry":"RetryWrapper { max_attempts: 5, base_delay: 3s, max_duration: 360s, no_retry_on_429: false, retry_on_403: true, expected_416: false, expected_404: false, log_errors_as_info: false, api_tag: \"s3::get_range\", has_connection_permit: true }"},"filename":"/home/runner/work/xet-core/xet-core/xet_client/src/cas_client/retry_wrapper.rs","line_number":274}
{"timestamp":"2026-09-07T19:17:52.479027Z","level":"INFO","fields":{"message":"Received CAS response","request_id":"01M1YMWD3QDYHPSVYNBPTM7G2V","status_code":206},"filename":"/home/runner/work/xet-core/xet-core/xet_client/src/common/http_client.rs","line_number":288}
{"timestamp":"2026-09-07T19:17:52.479038Z","level":"INFO","fields":{"message":"Request Success: s3::get_range api call succeeded (request id 01M1YMWD3QDYHPSVYNBPTM7G2V)."},"filename":"/home/runner/work/xet-core/xet-core/xet_client/src/cas_client/retry_wrapper.rs","line_number":237}
{"timestamp":"2026-09-07T19:17:52.483447Z","level":"INFO","fields":{"message":"Retry strategy","retry":"RetryWrapper { max_attempts: 5, base_delay: 3s, max_duration: 360s, no_retry_on_429: false, retry_on_403: true, expected_416: false, expected_404: false, log_errors_as_info: false, api_tag: \"s3::get_range\", has_connection_permit: true }"},"filename":"/home/runner/work/xet-core/xet-core/xet_client/src/cas_client/retry_wrapper.rs","line_number":274}
{"timestamp":"2026-09-07T19:17:52.503312Z","level":"INFO","fields":{"message":"Retry strategy","retry":"RetryWrapper { max_attempts: 5, base_delay: 3s, max_duration: 360s, no_retry_on_429: false, retry_on_403: true, expected_416: false, expected_404: false, log_errors_as_info: false, api_tag: \"s3::get_range\", has_connection_permit: true }"},"filename":"/home/runner/work/xet-core/xet-core/xet_client/src/cas_client/retry_wrapper.rs","line_number":274}
{"timestamp":"2026-09-07T19:17:52.510497Z","level":"INFO","fields":{"message":"Received CAS response","request_id":"01M1YMWD583R792W0KA5SNRH40","status_code":206},"filename":"/home/runner/work/xet-core/xet-core/xet_client/src/common/http_client.rs","line_number":288}
{"timestamp":"2026-09-07T19:17:52.510517Z","level":"INFO","fields":{"message":"Request Success: s3::get_range api call succeeded (request id 01M1YMWD583R792W0KA5SNRH40)."},"filename":"/home/runner/work/xet-core/xet-core/xet_client/src/cas_client/retry_wrapper.rs","line_number":237}
{"timestamp":"2026-09-07T19:17:52.526780Z","level":"INFO","fields":{"message":"Received CAS response","request_id":"01M1YMWD60H7ZY8A208MVAFJSZ","status_code":206},"filename":"/home/runner/work/xet-core/xet-core/xet_client/src/common/http_client.rs","line_number":288}
{"timestamp":"2026-09-07T19:17:52.526797Z","level":"INFO","fields":{"message":"Request Success: s3::get_range api call succeeded (request id 01M1YMWD60H7ZY8A208MVAFJSZ)."},"filename":"/home/runner/work/xet-core/xet-core/xet_client/src/cas_client/retry_wrapper.rs","line_number":237}
{"timestamp":"2026-09-07T19:17:52.538145Z","level":"INFO","fields":{"message":"Received CAS response","request_id":"01M1YMWD6KQYQZQT1CV6YW7FVF","status_code":206},"filename":"/home/runner/work/xet-core/xet-core/xet_client/src/common/http_client.rs","line_number":288}
{"timestamp":"2026-09-07T19:17:52.538160Z","level":"INFO","fields":{"message":"Request Success: s3::get_range api call succeeded (request id 01M1YMWD6KQYQZQT1CV6YW7FVF)."},"filename":"/home/runner/work/xet-core/xet-core/xet_client/src/cas_client/retry_wrapper.rs","line_number":237}
{"timestamp":"2026-09-07T19:17:52.556359Z","level":"INFO","fields":{"message":"Received CAS response","request_id":"01M1YMWD70TQD9C7PXFMDN7VDA","status_code":206},"filename":"/home/runner/work/xet-core/xet-core/xet_client/src/common/http_client.rs","line_number":288}
{"timestamp":"2026-09-07T19:17:52.556376Z","level":"INFO","fields":{"message":"Request Success: s3::get_range api call succeeded (request id 01M1YMWD70TQD9C7PXFMDN7VDA)."},"filename":"/home/runner/work/xet-core/xet-core/xet_client/src/cas_client/retry_wrapper.rs","line_number":237}
{"timestamp":"2026-09-07T19:17:52.564936Z","level":"INFO","fields":{"message":"Retry strategy","retry":"RetryWrapper { max_attempts: 5, base_delay: 3s, max_duration: 360s, no_retry_on_429: false, retry_on_403: true, expected_416: false, expected_404: false, log_errors_as_info: false, api_tag: \"s3::get_range\", has_connection_permit: true }"},"filename":"/home/runner/work/xet-core/xet-core/xet_client/src/cas_client/retry_wrapper.rs","line_number":274}
{"timestamp":"2026-09-07T19:17:52.578985Z","level":"INFO","fields":{"message":"Received CAS response","request_id":"01M1YMWD7KRW5HH1FH4JDJRV09","status_code":206},"filename":"/home/runner/work/xet-core/xet-core/xet_client/src/common/http_client.rs","line_number":288}
{"timestamp":"2026-09-07T19:17:52.579002Z","level":"INFO","fields":{"message":"Request Success: s3::get_range api call succeeded (request id 01M1YMWD7KRW5HH1FH4JDJRV09)."},"filename":"/home/runner/work/xet-core/xet-core/xet_client/src/cas_client/retry_wrapper.rs","line_number":237}
{"timestamp":"2026-09-07T19:17:52.636467Z","level":"INFO","fields":{"message":"Received CAS response","request_id":"01M1YMWD89GZF96AJZ62VZ3QA9","status_code":206},"filename":"/home/runner/work/xet-core/xet-core/xet_client/src/common/http_client.rs","line_number":288}
{"timestamp":"2026-09-07T19:17:52.636485Z","level":"INFO","fields":{"message":"Request Success: s3::get_range api call succeeded (request id 01M1YMWD89GZF96AJZ62VZ3QA9)."},"filename":"/home/runner/work/xet-core/xet-core/xet_client/src/cas_client/retry_wrapper.rs","line_number":237}
{"timestamp":"2026-09-07T19:17:52.697592Z","level":"INFO","fields":{"message":"Received CAS response","request_id":"01M1YMWDA4VZ01R0B6H5XR2V10","status_code":206},"filename":"/home/runner/work/xet-core/xet-core/xet_client/src/common/http_client.rs","line_number":288}
{"timestamp":"2026-09-07T19:17:52.697619Z","level":"INFO","fields":{"message":"Request Success: s3::get_range api call succeeded (request id 01M1YMWDA4VZ01R0B6H5XR2V10)."},"filename":"/home/runner/work/xet-core/xet-core/xet_client/src/cas_client/retry_wrapper.rs","line_number":237}
{"timestamp":"2026-09-07T19:17:52.876599Z","level":"INFO","fields":{"message":"Concurrency control for download: Increased concurrency from 18 to 19; reason: success ratio 1.000 is above threshold 0.800 and predicted RTT for 39MB at new concurrency is 4.08s < target 60.0s"},"filename":"/home/runner/work/xet-core/xet-core/xet_client/src/cas_client/adaptive_concurrency/controller.rs","line_number":548}
{"timestamp":"2026-09-07T19:17:52.876646Z","level":"INFO","fields":{"message":"Retry strategy","retry":"RetryWrapper { max_attempts: 5, base_delay: 3s, max_duration: 360s, no_retry_on_429: false, retry_on_403: true, expected_416: false, expected_404: false, log_errors_as_info: false, api_tag: \"s3::get_range\", has_connection_permit: true }"},"filename":"/home/runner/work/xet-core/xet-core/xet_client/src/cas_client/retry_wrapper.rs","line_number":274}
{"timestamp":"2026-09-07T19:17:53.060167Z","level":"INFO","fields":{"message":"Retry strategy","retry":"RetryWrapper { max_attempts: 5, base_delay: 3s, max_duration: 360s, no_retry_on_429: false, retry_on_403: true, expected_416: false, expected_404: false, log_errors_as_info: false, api_tag: \"s3::get_range\", has_connection_permit: true }"},"filename":"/home/runner/work/xet-core/xet-core/xet_client/src/cas_client/retry_wrapper.rs","line_number":274}
{"timestamp":"2026-09-07T19:17:53.064779Z","level":"INFO","fields":{"message":"Retry strategy","retry":"RetryWrapper { max_attempts: 5, base_delay: 3s, max_duration: 360s, no_retry_on_429: false, retry_on_403: true, expected_416: false, expected_404: false, log_errors_as_info: false, api_tag: \"s3::get_range\", has_connection_permit: true }"},"filename":"/home/runner/work/xet-core/xet-core/xet_client/src/cas_client/retry_wrapper.rs","line_number":274}
{"timestamp":"2026-09-07T19:17:53.074436Z","level":"INFO","fields":{"message":"Retry strategy","retry":"RetryWrapper { max_attempts: 5, base_delay: 3s, max_duration: 360s, no_retry_on_429: false, retry_on_403: true, expected_416: false, expected_404: false, log_errors_as_info: false, api_tag: \"s3::get_range\", has_connection_permit: true }"},"filename":"/home/runner/work/xet-core/xet-core/xet_client/src/cas_client/retry_wrapper.rs","line_number":274}
{"timestamp":"2026-09-07T19:17:53.075420Z","level":"INFO","fields":{"message":"Retry strategy","retry":"RetryWrapper { max_attempts: 5, base_delay: 3s, max_duration: 360s, no_retry_on_429: false, retry_on_403: true, expected_416: false, expected_404: false, log_errors_as_info: false, api_tag: \"s3::get_range\", has_connection_permit: true }"},"filename":"/home/runner/work/xet-core/xet-core/xet_client/src/cas_client/retry_wrapper.rs","line_number":274}
{"timestamp":"2026-09-07T19:17:53.089130Z","level":"INFO","fields":{"message":"Retry strategy","retry":"RetryWrapper { max_attempts: 5, base_delay: 3s, max_duration: 360s, no_retry_on_429: false, retry_on_403: true, expected_416: false, expected_404: false, log_errors_as_info: false, api_tag: \"s3::get_range\", has_connection_permit: true }"},"filename":"/home/runner/work/xet-core/xet-core/xet_client/src/cas_client/retry_wrapper.rs","line_number":274}
{"timestamp":"2026-09-07T19:17:53.154986Z","level":"INFO","fields":{"message":"Received CAS response","request_id":"01M1YMWDSHKBZN9GFWZCSCCSJN","status_code":206},"filename":"/home/runner/work/xet-core/xet-core/xet_client/src/common/http_client.rs","line_number":288}
{"timestamp":"2026-09-07T19:17:53.155014Z","level":"INFO","fields":{"message":"Request Success: s3::get_range api call succeeded (request id 01M1YMWDSHKBZN9GFWZCSCCSJN)."},"filename":"/home/runner/work/xet-core/xet-core/xet_client/src/cas_client/retry_wrapper.rs","line_number":237}
{"timestamp":"2026-09-07T19:17:53.171386Z","level":"INFO","fields":{"message":"Received CAS response","request_id":"01M1YMWDT0J503E0RH5DPVWH3Z","status_code":206},"filename":"/home/runner/work/xet-core/xet-core/xet_client/src/common/http_client.rs","line_number":288}
{"timestamp":"2026-09-07T19:17:53.171407Z","level":"INFO","fields":{"message":"Request Success: s3::get_range api call succeeded (request id 01M1YMWDT0J503E0RH5DPVWH3Z)."},"filename":"/home/runner/work/xet-core/xet-core/xet_client/src/cas_client/retry_wrapper.rs","line_number":237}
{"timestamp":"2026-09-07T19:17:53.173006Z","level":"INFO","fields":{"message":"Received CAS response","request_id":"01M1YMWDSSSW92V2BFKCKTQX4X","status_code":206},"filename":"/home/runner/work/xet-core/xet-core/xet_client/src/common/http_client.rs","line_number":288}
{"timestamp":"2026-09-07T19:17:53.173026Z","level":"INFO","fields":{"message":"Request Success: s3::get_range api call succeeded (request id 01M1YMWDSSSW92V2BFKCKTQX4X)."},"filename":"/home/runner/work/xet-core/xet-core/xet_client/src/cas_client/retry_wrapper.rs","line_number":237}
{"timestamp":"2026-09-07T19:17:53.186157Z","level":"INFO","fields":{"message":"Received CAS response","request_id":"01M1YMWDT74Y3403JEVH8MFB3T","status_code":206},"filename":"/home/runner/work/xet-core/xet-core/xet_client/src/common/http_client.rs","line_number":288}
{"timestamp":"2026-09-07T19:17:53.186166Z","level":"INFO","fields":{"message":"Request Success: s3::get_range api call succeeded (request id 01M1YMWDT74Y3403JEVH8MFB3T)."},"filename":"/home/runner/work/xet-core/xet-core/xet_client/src/cas_client/retry_wrapper.rs","line_number":237}
{"timestamp":"2026-09-07T19:17:53.192337Z","level":"INFO","fields":{"message":"Received CAS response","request_id":"01M1YMWDT1C2DTMM4BT0BXN8C5","status_code":206},"filename":"/home/runner/work/xet-core/xet-core/xet_client/src/common/http_client.rs","line_number":288}
{"timestamp":"2026-09-07T19:17:53.192345Z","level":"INFO","fields":{"message":"Request Success: s3::get_range api call succeeded (request id 01M1YMWDT1C2DTMM4BT0BXN8C5)."},"filename":"/home/runner/work/xet-core/xet-core/xet_client/src/cas_client/retry_wrapper.rs","line_number":237}
{"timestamp":"2026-09-07T19:17:53.201063Z","level":"INFO","fields":{"message":"Received CAS response","request_id":"01M1YMWDTF0F6VYY7KN0QG7F6B","status_code":206},"filename":"/home/runner/work/xet-core/xet-core/xet_client/src/common/http_client.rs","line_number":288}
{"timestamp":"2026-09-07T19:17:53.201076Z","level":"INFO","fields":{"message":"Request Success: s3::get_range api call succeeded (request id 01M1YMWDTF0F6VYY7KN0QG7F6B)."},"filename":"/home/runner/work/xet-core/xet-core/xet_client/src/cas_client/retry_wrapper.rs","line_number":237}
{"timestamp":"2026-09-07T19:17:53.213560Z","level":"INFO","fields":{"message":"Retry strategy","retry":"RetryWrapper { max_attempts: 5, base_delay: 3s, max_duration: 360s, no_retry_on_429: false, retry_on_403: true, expected_416: false, expected_404: false, log_errors_as_info: false, api_tag: \"s3::get_range\", has_connection_permit: true }"},"filename":"/home/runner/work/xet-core/xet-core/xet_client/src/cas_client/retry_wrapper.rs","line_number":274}
{"timestamp":"2026-09-07T19:17:53.346000Z","level":"INFO","fields":{"message":"Received CAS response","request_id":"01M1YMWDYHVVJ7AY6VMB2VDKMN","status_code":206},"filename":"/home/runner/work/xet-core/xet-core/xet_client/src/common/http_client.rs","line_number":288}
{"timestamp":"2026-09-07T19:17:53.346025Z","level":"INFO","fields":{"message":"Request Success: s3::get_range api call succeeded (request id 01M1YMWDYHVVJ7AY6VMB2VDKMN)."},"filename":"/home/runner/work/xet-core/xet-core/xet_client/src/cas_client/retry_wrapper.rs","line_number":237}
{"timestamp":"2026-09-07T19:17:53.401973Z","level":"INFO","fields":{"message":"Concurrency control for download: Increased concurrency from 19 to 20; reason: success ratio 1.000 is above threshold 0.800 and predicted RTT for 38MB at new concurrency is 4.15s < target 60.0s"},"filename":"/home/runner/work/xet-core/xet-core/xet_client/src/cas_client/adaptive_concurrency/controller.rs","line_number":548}
{"timestamp":"2026-09-07T19:17:53.402025Z","level":"INFO","fields":{"message":"Retry strategy","retry":"RetryWrapper { max_attempts: 5, base_delay: 3s, max_duration: 360s, no_retry_on_429: false, retry_on_403: true, expected_416: false, expected_404: false, log_errors_as_info: false, api_tag: \"s3::get_range\", has_connection_permit: true }"},"filename":"/home/runner/work/xet-core/xet-core/xet_client/src/cas_client/retry_wrapper.rs","line_number":274}
{"timestamp":"2026-09-07T19:17:53.570998Z","level":"INFO","fields":{"message":"Retry strategy","retry":"RetryWrapper { max_attempts: 5, base_delay: 3s, max_duration: 360s, no_retry_on_429: false, retry_on_403: true, expected_416: false, expected_404: false, log_errors_as_info: false, api_tag: \"s3::get_range\", has_connection_permit: true }"},"filename":"/home/runner/work/xet-core/xet-core/xet_client/src/cas_client/retry_wrapper.rs","line_number":274}
{"timestamp":"2026-09-07T19:17:53.574818Z","level":"INFO","fields":{"message":"Retry strategy","retry":"RetryWrapper { max_attempts: 5, base_delay: 3s, max_duration: 360s, no_retry_on_429: false, retry_on_403: true, expected_416: false, expected_404: false, log_errors_as_info: false, api_tag: \"s3::get_range\", has_connection_permit: true }"},"filename":"/home/runner/work/xet-core/xet-core/xet_client/src/cas_client/retry_wrapper.rs","line_number":274}
{"timestamp":"2026-09-07T19:17:53.608778Z","level":"INFO","fields":{"message":"Retry strategy","retry":"RetryWrapper { max_attempts: 5, base_delay: 3s, max_duration: 360s, no_retry_on_429: false, retry_on_403: true, expected_416: false, expected_404: false, log_errors_as_info: false, api_tag: \"s3::get_range\", has_connection_permit: true }"},"filename":"/home/runner/work/xet-core/xet-core/xet_client/src/cas_client/retry_wrapper.rs","line_number":274}
{"timestamp":"2026-09-07T19:17:53.622184Z","level":"INFO","fields":{"message":"Received CAS response","request_id":"01M1YMWE4A2JW294FQ7GXE3NT7","status_code":206},"filename":"/home/runner/work/xet-core/xet-core/xet_client/src/common/http_client.rs","line_number":288}
{"timestamp":"2026-09-07T19:17:53.622211Z","level":"INFO","fields":{"message":"Request Success: s3::get_range api call succeeded (request id 01M1YMWE4A2JW294FQ7GXE3NT7)."},"filename":"/home/runner/work/xet-core/xet-core/xet_client/src/cas_client/retry_wrapper.rs","line_number":237}
{"timestamp":"2026-09-07T19:17:53.631653Z","level":"INFO","fields":{"message":"Retry strategy","retry":"RetryWrapper { max_attempts: 5, base_delay: 3s, max_duration: 360s, no_retry_on_429: false, retry_on_403: true, expected_416: false, expected_404: false, log_errors_as_info: false, api_tag: \"s3::get_range\", has_connection_permit: true }"},"filename":"/home/runner/work/xet-core/xet-core/xet_client/src/cas_client/retry_wrapper.rs","line_number":274}
{"timestamp":"2026-09-07T19:17:53.647786Z","level":"INFO","fields":{"message":"Received CAS response","request_id":"01M1YMWE9H3QYPKHNMNJ3VPNRS","status_code":206},"filename":"/home/runner/work/xet-core/xet-core/xet_client/src/common/http_client.rs","line_number":288}
{"timestamp":"2026-09-07T19:17:53.647802Z","level":"INFO","fields":{"message":"Request Success: s3::get_range api call succeeded (request id 01M1YMWE9H3QYPKHNMNJ3VPNRS)."},"filename":"/home/runner/work/xet-core/xet-core/xet_client/src/cas_client/retry_wrapper.rs","line_number":237}
{"timestamp":"2026-09-07T19:17:53.659907Z","level":"INFO","fields":{"message":"Received CAS response","request_id":"01M1YMWE9QRBGBMXW909CTAAES","status_code":206},"filename":"/home/runner/work/xet-core/xet-core/xet_client/src/common/http_client.rs","line_number":288}
{"timestamp":"2026-09-07T19:17:53.659924Z","level":"INFO","fields":{"message":"Request Success: s3::get_range api call succeeded (request id 01M1YMWE9QRBGBMXW909CTAAES)."},"filename":"/home/runner/work/xet-core/xet-core/xet_client/src/cas_client/retry_wrapper.rs","line_number":237}
{"timestamp":"2026-09-07T19:17:53.664552Z","level":"INFO","fields":{"message":"Retry strategy","retry":"RetryWrapper { max_attempts: 5, base_delay: 3s, max_duration: 360s, no_retry_on_429: false, retry_on_403: true, expected_416: false, expected_404: false, log_errors_as_info: false, api_tag: \"s3::get_range\", has_connection_permit: true }"},"filename":"/home/runner/work/xet-core/xet-core/xet_client/src/cas_client/retry_wrapper.rs","line_number":274}
{"timestamp":"2026-09-07T19:17:53.675386Z","level":"INFO","fields":{"message":"Retry strategy","retry":"RetryWrapper { max_attempts: 5, base_delay: 3s, max_duration: 360s, no_retry_on_429: false, retry_on_403: true, expected_416: false, expected_404: false, log_errors_as_info: false, api_tag: \"s3::get_range\", has_connection_permit: true }"},"filename":"/home/runner/work/xet-core/xet-core/xet_client/src/cas_client/retry_wrapper.rs","line_number":274}
{"timestamp":"2026-09-07T19:17:53.681396Z","level":"INFO","fields":{"message":"Received CAS response","request_id":"01M1YMWEAQAR82N4X8KQ8BJ8HT","status_code":206},"filename":"/home/runner/work/xet-core/xet-core/xet_client/src/common/http_client.rs","line_number":288}
{"timestamp":"2026-09-07T19:17:53.681423Z","level":"INFO","fields":{"message":"Request Success: s3::get_range api call succeeded (request id 01M1YMWEAQAR82N4X8KQ8BJ8HT)."},"filename":"/home/runner/work/xet-core/xet-core/xet_client/src/cas_client/retry_wrapper.rs","line_number":237}
{"timestamp":"2026-09-07T19:17:53.716786Z","level":"INFO","fields":{"message":"Received CAS response","request_id":"01M1YMWEBEQQZPG9YA666R09PE","status_code":206},"filename":"/home/runner/work/xet-core/xet-core/xet_client/src/common/http_client.rs","line_number":288}
{"timestamp":"2026-09-07T19:17:53.716804Z","level":"INFO","fields":{"message":"Request Success: s3::get_range api call succeeded (request id 01M1YMWEBEQQZPG9YA666R09PE)."},"filename":"/home/runner/work/xet-core/xet-core/xet_client/src/cas_client/retry_wrapper.rs","line_number":237}
{"timestamp":"2026-09-07T19:17:53.757405Z","level":"INFO","fields":{"message":"Retry strategy","retry":"RetryWrapper { max_attempts: 5, base_delay: 3s, max_duration: 360s, no_retry_on_429: false, retry_on_403: true, expected_416: false, expected_404: false, log_errors_as_info: false, api_tag: \"s3::get_range\", has_connection_permit: true }"},"filename":"/home/runner/work/xet-core/xet-core/xet_client/src/cas_client/retry_wrapper.rs","line_number":274}
{"timestamp":"2026-09-07T19:17:53.765273Z","level":"INFO","fields":{"message":"Received CAS response","request_id":"01M1YMWECSR3WSCV9ZJNEYTZPN","status_code":206},"filename":"/home/runner/work/xet-core/xet-core/xet_client/src/common/http_client.rs","line_number":288}
{"timestamp":"2026-09-07T19:17:53.765296Z","level":"INFO","fields":{"message":"Request Success: s3::get_range api call succeeded (request id 01M1YMWECSR3WSCV9ZJNEYTZPN)."},"filename":"/home/runner/work/xet-core/xet-core/xet_client/src/cas_client/retry_wrapper.rs","line_number":237}
{"timestamp":"2026-09-07T19:17:53.765569Z","level":"INFO","fields":{"message":"Retry strategy","retry":"RetryWrapper { max_attempts: 5, base_delay: 3s, max_duration: 360s, no_retry_on_429: false, retry_on_403: true, expected_416: false, expected_404: false, log_errors_as_info: false, api_tag: \"s3::get_range\", has_connection_permit: true }"},"filename":"/home/runner/work/xet-core/xet-core/xet_client/src/cas_client/retry_wrapper.rs","line_number":274}
{"timestamp":"2026-09-07T19:17:53.773112Z","level":"INFO","fields":{"message":"Received CAS response","request_id":"01M1YMWECF21930XS7KV0VPNST","status_code":206},"filename":"/home/runner/work/xet-core/xet-core/xet_client/src/common/http_client.rs","line_number":288}
{"timestamp":"2026-09-07T19:17:53.773126Z","level":"INFO","fields":{"message":"Request Success: s3::get_range api call succeeded (request id 01M1YMWECF21930XS7KV0VPNST)."},"filename":"/home/runner/work/xet-core/xet-core/xet_client/src/cas_client/retry_wrapper.rs","line_number":237}
{"timestamp":"2026-09-07T19:17:53.794336Z","level":"INFO","fields":{"message":"Retry strategy","retry":"RetryWrapper { max_attempts: 5, base_delay: 3s, max_duration: 360s, no_retry_on_429: false, retry_on_403: true, expected_416: false, expected_404: false, log_errors_as_info: false, api_tag: \"s3::get_range\", has_connection_permit: true }"},"filename":"/home/runner/work/xet-core/xet-core/xet_client/src/cas_client/retry_wrapper.rs","line_number":274}
{"timestamp":"2026-09-07T19:17:53.822093Z","level":"INFO","fields":{"message":"Retry strategy","retry":"RetryWrapper { max_attempts: 5, base_delay: 3s, max_duration: 360s, no_retry_on_429: false, retry_on_403: true, expected_416: false, expected_404: false, log_errors_as_info: false, api_tag: \"s3::get_range\", has_connection_permit: true }"},"filename":"/home/runner/work/xet-core/xet-core/xet_client/src/cas_client/retry_wrapper.rs","line_number":274}
{"timestamp":"2026-09-07T19:17:53.862046Z","level":"INFO","fields":{"message":"Retry strategy","retry":"RetryWrapper { max_attempts: 5, base_delay: 3s, max_duration: 360s, no_retry_on_429: false, retry_on_403: true, expected_416: false, expected_404: false, log_errors_as_info: false, api_tag: \"s3::get_range\", has_connection_permit: true }"},"filename":"/home/runner/work/xet-core/xet-core/xet_client/src/cas_client/retry_wrapper.rs","line_number":274}
{"timestamp":"2026-09-07T19:17:53.881124Z","level":"INFO","fields":{"message":"Received CAS response","request_id":"01M1YMWEFCADB6TMYPCSHJ5783","status_code":206},"filename":"/home/runner/work/xet-core/xet-core/xet_client/src/common/http_client.rs","line_number":288}
{"timestamp":"2026-09-07T19:17:53.881142Z","level":"INFO","fields":{"message":"Request Success: s3::get_range api call succeeded (request id 01M1YMWEFCADB6TMYPCSHJ5783)."},"filename":"/home/runner/work/xet-core/xet-core/xet_client/src/cas_client/retry_wrapper.rs","line_number":237}
{"timestamp":"2026-09-07T19:17:53.883600Z","level":"INFO","fields":{"message":"Received CAS response","request_id":"01M1YMWEFMJKGK8STG137NH75X","status_code":206},"filename":"/home/runner/work/xet-core/xet-core/xet_client/src/common/http_client.rs","line_number":288}
{"timestamp":"2026-09-07T19:17:53.883623Z","level":"INFO","fields":{"message":"Request Success: s3::get_range api call succeeded (request id 01M1YMWEFMJKGK8STG137NH75X)."},"filename":"/home/runner/work/xet-core/xet-core/xet_client/src/cas_client/retry_wrapper.rs","line_number":237}
{"timestamp":"2026-09-07T19:17:53.906745Z","level":"INFO","fields":{"message":"Concurrency control for download: Increased concurrency from 20 to 21; reason: success ratio 1.000 is above threshold 0.800 and predicted RTT for 36MB at new concurrency is 3.20s < target 60.0s"},"filename":"/home/runner/work/xet-core/xet-core/xet_client/src/cas_client/adaptive_concurrency/controller.rs","line_number":548}
{"timestamp":"2026-09-07T19:17:53.906780Z","level":"INFO","fields":{"message":"Retry strategy","retry":"RetryWrapper { max_attempts: 5, base_delay: 3s, max_duration: 360s, no_retry_on_429: false, retry_on_403: true, expected_416: false, expected_404: false, log_errors_as_info: false, api_tag: \"s3::get_range\", has_connection_permit: true }"},"filename":"/home/runner/work/xet-core/xet-core/xet_client/src/cas_client/retry_wrapper.rs","line_number":274}
{"timestamp":"2026-09-07T19:17:53.920739Z","level":"INFO","fields":{"message":"Received CAS response","request_id":"01M1YMWEGHNDYDAMJHA0VK81NR","status_code":206},"filename":"/home/runner/work/xet-core/xet-core/xet_client/src/common/http_client.rs","line_number":288}
{"timestamp":"2026-09-07T19:17:53.920753Z","level":"INFO","fields":{"message":"Request Success: s3::get_range api call succeeded (request id 01M1YMWEGHNDYDAMJHA0VK81NR)."},"filename":"/home/runner/work/xet-core/xet-core/xet_client/src/cas_client/retry_wrapper.rs","line_number":237}
{"timestamp":"2026-09-07T19:17:53.952063Z","level":"INFO","fields":{"message":"Received CAS response","request_id":"01M1YMWEHD9C4VDEWKHVHTCV9Q","status_code":206},"filename":"/home/runner/work/xet-core/xet-core/xet_client/src/common/http_client.rs","line_number":288}
{"timestamp":"2026-09-07T19:17:53.952091Z","level":"INFO","fields":{"message":"Request Success: s3::get_range api call succeeded (request id 01M1YMWEHD9C4VDEWKHVHTCV9Q)."},"filename":"/home/runner/work/xet-core/xet-core/xet_client/src/cas_client/retry_wrapper.rs","line_number":237}
{"timestamp":"2026-09-07T19:17:53.993275Z","level":"INFO","fields":{"message":"Received CAS response","request_id":"01M1YMWEJMXGQCS8N1557N2HJR","status_code":206},"filename":"/home/runner/work/xet-core/xet-core/xet_client/src/common/http_client.rs","line_number":288}
{"timestamp":"2026-09-07T19:17:53.993304Z","level":"INFO","fields":{"message":"Request Success: s3::get_range api call succeeded (request id 01M1YMWEJMXGQCS8N1557N2HJR)."},"filename":"/home/runner/work/xet-core/xet-core/xet_client/src/cas_client/retry_wrapper.rs","line_number":237}
{"timestamp":"2026-09-07T19:17:54.035662Z","level":"INFO","fields":{"message":"Received CAS response","request_id":"01M1YMWEM1DVJ24BTXQZZWVZ8Z","status_code":206},"filename":"/home/runner/work/xet-core/xet-core/xet_client/src/common/http_client.rs","line_number":288}
{"timestamp":"2026-09-07T19:17:54.035682Z","level":"INFO","fields":{"message":"Request Success: s3::get_range api call succeeded (request id 01M1YMWEM1DVJ24BTXQZZWVZ8Z)."},"filename":"/home/runner/work/xet-core/xet-core/xet_client/src/cas_client/retry_wrapper.rs","line_number":237}
{"timestamp":"2026-09-07T19:17:54.194584Z","level":"INFO","fields":{"message":"Retry strategy","retry":"RetryWrapper { max_attempts: 5, base_delay: 3s, max_duration: 360s, no_retry_on_429: false, retry_on_403: true, expected_416: false, expected_404: false, log_errors_as_info: false, api_tag: \"s3::get_range\", has_connection_permit: true }"},"filename":"/home/runner/work/xet-core/xet-core/xet_client/src/cas_client/retry_wrapper.rs","line_number":274}
{"timestamp":"2026-09-07T19:17:54.282853Z","level":"INFO","fields":{"message":"Retry strategy","retry":"RetryWrapper { max_attempts: 5, base_delay: 3s, max_duration: 360s, no_retry_on_429: false, retry_on_403: true, expected_416: false, expected_404: false, log_errors_as_info: false, api_tag: \"s3::get_range\", has_connection_permit: true }"},"filename":"/home/runner/work/xet-core/xet-core/xet_client/src/cas_client/retry_wrapper.rs","line_number":274}
{"timestamp":"2026-09-07T19:17:54.311111Z","level":"INFO","fields":{"message":"Received CAS response","request_id":"01M1YMWEX146MT6XD3QERKVEM4","status_code":206},"filename":"/home/runner/work/xet-core/xet-core/xet_client/src/common/http_client.rs","line_number":288}
{"timestamp":"2026-09-07T19:17:54.311134Z","level":"INFO","fields":{"message":"Request Success: s3::get_range api call succeeded (request id 01M1YMWEX146MT6XD3QERKVEM4)."},"filename":"/home/runner/work/xet-core/xet-core/xet_client/src/cas_client/retry_wrapper.rs","line_number":237}
{"timestamp":"2026-09-07T19:17:54.318817Z","level":"INFO","fields":{"message":"Retry strategy","retry":"RetryWrapper { max_attempts: 5, base_delay: 3s, max_duration: 360s, no_retry_on_429: false, retry_on_403: true, expected_416: false, expected_404: false, log_errors_as_info: false, api_tag: \"s3::get_range\", has_connection_permit: true }"},"filename":"/home/runner/work/xet-core/xet-core/xet_client/src/cas_client/retry_wrapper.rs","line_number":274}
{"timestamp":"2026-09-07T19:17:54.331707Z","level":"INFO","fields":{"message":"Retry strategy","retry":"RetryWrapper { max_attempts: 5, base_delay: 3s, max_duration: 360s, no_retry_on_429: false, retry_on_403: true, expected_416: false, expected_404: false, log_errors_as_info: false, api_tag: \"s3::get_range\", has_connection_permit: true }"},"filename":"/home/runner/work/xet-core/xet-core/xet_client/src/cas_client/retry_wrapper.rs","line_number":274}
{"timestamp":"2026-09-07T19:17:54.398059Z","level":"INFO","fields":{"message":"Received CAS response","request_id":"01M1YMWEZVXZ5ZX4B55TNE3AQ7","status_code":206},"filename":"/home/runner/work/xet-core/xet-core/xet_client/src/common/http_client.rs","line_number":288}
{"timestamp":"2026-09-07T19:17:54.398084Z","level":"INFO","fields":{"message":"Request Success: s3::get_range api call succeeded (request id 01M1YMWEZVXZ5ZX4B55TNE3AQ7)."},"filename":"/home/runner/work/xet-core/xet-core/xet_client/src/cas_client/retry_wrapper.rs","line_number":237}
{"timestamp":"2026-09-07T19:17:54.416034Z","level":"INFO","fields":{"message":"Concurrency control for download: Increased concurrency from 21 to 22; reason: success ratio 1.000 is above threshold 0.800 and predicted RTT for 31MB at new concurrency is 3.16s < target 60.0s"},"filename":"/home/runner/work/xet-core/xet-core/xet_client/src/cas_client/adaptive_concurrency/controller.rs","line_number":548}
{"timestamp":"2026-09-07T19:17:54.438721Z","level":"INFO","fields":{"message":"Received CAS response","request_id":"01M1YMWF0XSPNJRWXNQSD13AXA","status_code":206},"filename":"/home/runner/work/xet-core/xet-core/xet_client/src/common/http_client.rs","line_number":288}
{"timestamp":"2026-09-07T19:17:54.438742Z","level":"INFO","fields":{"message":"Request Success: s3::get_range api call succeeded (request id 01M1YMWF0XSPNJRWXNQSD13AXA)."},"filename":"/home/runner/work/xet-core/xet-core/xet_client/src/cas_client/retry_wrapper.rs","line_number":237}
{"timestamp":"2026-09-07T19:17:54.451133Z","level":"INFO","fields":{"message":"Received CAS response","request_id":"01M1YMWF1AJT5012S2275P8TH3","status_code":206},"filename":"/home/runner/work/xet-core/xet-core/xet_client/src/common/http_client.rs","line_number":288}
{"timestamp":"2026-09-07T19:17:54.451150Z","level":"INFO","fields":{"message":"Request Success: s3::get_range api call succeeded (request id 01M1YMWF1AJT5012S2275P8TH3)."},"filename":"/home/runner/work/xet-core/xet-core/xet_client/src/cas_client/retry_wrapper.rs","line_number":237}
{"timestamp":"2026-09-07T19:17:54.976386Z","level":"INFO","fields":{"message":"Concurrency control for download: Increased concurrency from 22 to 23; reason: success ratio 1.000 is above threshold 0.800 and predicted RTT for 32MB at new concurrency is 4.05s < target 60.0s"},"filename":"/home/runner/work/xet-core/xet-core/xet_client/src/cas_client/adaptive_concurrency/controller.rs","line_number":548}
{"timestamp":"2026-09-07T19:17:55.484640Z","level":"INFO","fields":{"message":"Concurrency control for download: Increased concurrency from 23 to 24; reason: success ratio 1.000 is above threshold 0.800 and predicted RTT for 33MB at new concurrency is 4.34s < target 60.0s"},"filename":"/home/runner/work/xet-core/xet-core/xet_client/src/cas_client/adaptive_concurrency/controller.rs","line_number":548}
{"timestamp":"2026-09-07T19:17:56.061236Z","level":"INFO","fields":{"message":"Concurrency control for download: Increased concurrency from 24 to 25; reason: success ratio 1.000 is above threshold 0.800 and predicted RTT for 35MB at new concurrency is 7.16s < target 60.0s"},"filename":"/home/runner/work/xet-core/xet-core/xet_client/src/cas_client/adaptive_concurrency/controller.rs","line_number":548}
{"timestamp":"2026-09-07T19:17:56.661073Z","level":"INFO","fields":{"message":"Concurrency control for download: Increased concurrency from 25 to 26; reason: success ratio 1.000 is above threshold 0.800 and predicted RTT for 38MB at new concurrency is 11.35s < target 60.0s"},"filename":"/home/runner/work/xet-core/xet-core/xet_client/src/cas_client/adaptive_concurrency/controller.rs","line_number":548}
{"timestamp":"2026-09-07T19:17:57.191868Z","level":"INFO","fields":{"message":"File reconstruction completed successfully","file_hash":"6f87d3bff66602a9611e541180dec950a6b6a9068ca274ee43ac8f83550f0223","block_count":4,"total_terms_processed":186,"total_bytes_scheduled":1503300328},"filename":"/home/runner/work/xet-core/xet-core/xet_data/src/file_reconstruction/run_state.rs","line_number":150}
